'Tuesday','July','12','2016','11:45:00','201.94','7.01','NA','34.97','7.85','102.63','65.38','48.24','36.36','27.56','5.77'
'Tuesday','July','12','2016','11:45:00','201.94','7.01','NA','34.97','7.85','102.63','65.38','48.24','36.36','27.56','5.77'
'Tuesday','July','12','2016','11:45:00','201.94','7.01','NA','34.97','7.85','102.63','65.38','48.24','36.36','27.56','5.77'
'Tuesday','July','12','2016','12:15:00','126.12','9.49','NA','38.09','6.58','96.65','78.42','54.60','31.35','30.49','16.25'
'Tuesday','July','12','2016','12:15:00','126.12','9.49','NA','38.09','6.58','96.65','78.42','54.60','31.35','30.49','16.25'
'Tuesday','July','12','2016','12:15:00','126.12','9.49','NA','38.09','6.58','96.65','78.42','54.60','31.35','30.49','16.25'
'Tuesday','July','12','2016','12:15:00','126.12','9.49','NA','38.09','6.58','96.65','78.42','54.60','31.35','30.49','16.25'
'Tuesday','July','12','2016','12:15:00','126.12','9.49','NA','38.09','6.58','96.65','78.42','54.60','31.35','30.49','16.25'
'Tuesday','July','12','2016','12:15:00','126.12','9.49','NA','38.09','6.58','96.65','78.42','54.60','31.35','30.49','16.25'
'Tuesday','July','12','2016','12:15:00','126.12','9.49','NA','38.09','6.58','96.65','78.42','54.60','31.35','30.49','16.25'
'Tuesday','July','12','2016','12:45:00','185.04','6.36','NA','37.66','4.47','90.35','63.54','65.56','21.72','25.29','8.58'
'Tuesday','July','12','2016','12:45:00','185.04','6.36','NA','37.66','4.47','90.35','63.54','65.56','21.72','25.29','8.58'
'Tuesday','July','12','2016','12:45:00','185.04','6.36','NA','37.66','4.47','90.35','63.54','65.56','21.72','25.29','8.58'
'Tuesday','July','12','2016','12:45:00','185.04','6.36','NA','37.66','4.47','90.35','63.54','65.56','21.72','25.29','8.58'
'Tuesday','July','12','2016','12:45:00','185.04','6.36','NA','37.66','4.47','90.35','63.54','65.56','21.72','25.29','8.58'
'Tuesday','July','12','2016','13:15:00','179.98','9.87','NA','43.12','7.71','106.77','45.56','60.21','30.76','25.45','13.55'
'Tuesday','July','12','2016','13:15:00','179.98','9.87','NA','43.12','7.71','106.77','45.56','60.21','30.76','25.45','13.55'
'Tuesday','July','12','2016','13:45:00','121.79','4.35','NA','40.87','7.12','58.13','40.69','52.42','43.62','8.60','13.55'
'Tuesday','July','12','2016','13:45:00','121.79','4.35','NA','40.87','7.12','58.13','40.69','52.42','43.62','8.60','13.55'
'Tuesday','July','12','2016','14:15:00','104.24','14.86','NA','20.55','11.40','141.03','81.09','19.13','33.71','2.52','17.65'
'Tuesday','July','12','2016','14:15:00','104.24','14.86','NA','20.55','11.40','141.03','81.09','19.13','33.71','2.52','17.65'
'Tuesday','July','12','2016','14:30:00','102.36','1.35','NA','18.90','9.61','155.76','154.45','6.81','43.16','2.43','17.65'
'Tuesday','July','12','2016','14:30:00','102.36','1.35','NA','18.90','9.61','155.76','154.45','6.81','43.16','2.43','17.65'
'Tuesday','July','12','2016','15:15:00','105.19','11.81','NA','50.08','8.34','185.92','91.12','41.81','46.88','19.43','37.08'
'Tuesday','July','12','2016','15:15:00','105.19','11.81','NA','50.08','8.34','185.92','91.12','41.81','46.88','19.43','37.08'
'Tuesday','July','12','2016','15:45:00','120.74','9.17','NA','38.31','8.97','184.07','120.36','41.14','54.71','26.99','29.58'
'Tuesday','July','12','2016','15:45:00','120.74','9.17','NA','38.31','8.97','184.07','120.36','41.14','54.71','26.99','29.58'
'Tuesday','July','12','2016','16:15:00','161.21','12.64','NA','41.27','10.84','204.79','95.06','46.66','27.43','14.61','41.41'
'Tuesday','July','12','2016','16:15:00','161.21','12.64','NA','41.27','10.84','204.79','95.06','46.66','27.43','14.61','41.41'
'Tuesday','July','12','2016','16:45:00','161.21','5.87','NA','48.70','6.96','149.24','95.06','70.72','22.48','18.05','11.26'
'Tuesday','July','12','2016','16:45:00','161.21','5.87','NA','48.70','6.96','149.24','95.06','70.72','22.48','18.05','11.26'
'Tuesday','July','12','2016','17:15:00','88.62','4.25','NA','12.24','8.76','140.13','114.31','11.36','24.31','3.93','20.36'
'Tuesday','July','12','2016','17:15:00','88.62','4.25','NA','12.24','8.76','140.13','114.31','11.36','24.31','3.93','20.36'
'Tuesday','July','12','2016','17:45:00','103.50','1.86','NA','6.45','11.54','187.87','268.74','1.92','38.83','3.76','20.36'
'Tuesday','July','12','2016','17:45:00','103.50','1.86','NA','6.45','11.54','187.87','268.74','1.92','38.83','3.76','20.36'
'Tuesday','July','12','2016','17:45:00','103.50','1.86','NA','6.45','11.54','187.87','268.74','1.92','38.83','3.76','20.36'
'Tuesday','July','12','2016','17:45:00','103.50','1.86','NA','6.45','11.54','187.87','268.74','1.92','38.83','3.76','20.36'
'Tuesday','July','12','2016','18:30:00','103.11','10.31','NA','12.56','12.34','208.12','145.10','1.17','50.98','5.42','55.18'
'Tuesday','July','12','2016','18:30:00','103.11','10.31','NA','12.56','12.34','208.12','145.10','1.17','50.98','5.42','55.18'
'Tuesday','July','12','2016','19:15:00','118.77','13.99','NA','10.98','10.15','198.97','237.83','4.39','63.80','4.20','75.67'
'Tuesday','July','12','2016','19:15:00','118.77','13.99','NA','10.98','10.15','198.97','237.83','4.39','63.80','4.20','75.67'
'Tuesday','July','12','2016','19:45:00','126.52','16.69','NA','16.70','13.07','200.78','470.22','6.66','46.19','5.44','109.47'
'Tuesday','July','12','2016','19:45:00','126.52','16.69','NA','16.70','13.07','200.78','470.22','6.66','46.19','5.44','109.47'
'Tuesday','July','12','2016','19:45:00','126.52','16.69','NA','16.70','13.07','200.78','470.22','6.66','46.19','5.44','109.47'
'Tuesday','July','12','2016','19:45:00','126.52','16.69','NA','16.70','13.07','200.78','470.22','6.66','46.19','5.44','109.47'
'Tuesday','July','12','2016','20:45:00','144.80','19.91','NA','20.77','9.95','198.56','434.07','11.90','65.08','7.02','169.18'
'Tuesday','July','12','2016','20:45:00','144.80','19.91','NA','20.77','9.95','198.56','434.07','11.90','65.08','7.02','169.18'
'Tuesday','July','12','2016','21:15:00','152.77','18.44','NA','23.14','10.39','198.81','434.07','13.04','67.84','8.09','169.18'
'Tuesday','July','12','2016','21:15:00','152.77','18.44','NA','23.14','10.39','198.81','434.07','13.04','67.84','8.09','169.18'
'Tuesday','July','12','2016','21:45:00','175.04','22.15','NA','21.88','10.82','217.13','434.07','17.94','70.33','6.25','169.18'
'Tuesday','July','12','2016','21:45:00','175.04','22.15','NA','21.88','10.82','217.13','434.07','17.94','70.33','6.25','169.18'
'Tuesday','July','12','2016','22:15:00','176.79','23.26','NA','10.51','10.67','202.85','434.07','15.69','68.95','6.56','169.18'
'Tuesday','July','12','2016','22:15:00','176.79','23.26','NA','10.51','10.67','202.85','434.07','15.69','68.95','6.56','169.18'
'Tuesday','July','12','2016','22:45:00','188.31','24.87','NA','7.20','11.39','180.94','434.07','12.95','63.88','15.04','169.18'
'Tuesday','July','12','2016','22:45:00','188.31','24.87','NA','7.20','11.39','180.94','434.07','12.95','63.88','15.04','169.18'
'Tuesday','July','12','2016','23:15:00','177.09','24.00','NA','11.34','10.82','176.44','434.07','13.88','73.07','21.07','169.18'
'Tuesday','July','12','2016','23:15:00','177.09','24.00','NA','11.34','10.82','176.44','434.07','13.88','73.07','21.07','169.18'
'Tuesday','July','12','2016','23:45:00','208.51','24.35','NA','15.91','10.68','207.69','434.07','16.05','69.68','14.81','169.18'
'Tuesday','July','12','2016','23:45:00','208.51','24.35','NA','15.91','10.68','207.69','434.07','16.05','69.68','14.81','169.18'
'Tuesday','July','12','2016','23:45:00','208.51','24.35','NA','15.91','10.68','207.69','434.07','16.05','69.68','14.81','169.18'
'Tuesday','July','12','2016','23:45:00','208.51','24.35','NA','15.91','10.68','207.69','434.07','16.05','69.68','14.81','169.18'
'Wednesday','July','13','2016','00:45:00','221.87','17.09','NA','25.45','11.24','201.79','292.65','3.81','29.93','14.56','159.81'
'Wednesday','July','13','2016','00:45:00','221.87','17.09','NA','25.45','11.24','201.79','292.65','3.81','29.93','14.56','159.81'
'Wednesday','July','13','2016','01:15:00','222.39','14.30','NA','16.88','10.77','173.42','199.29','5.67','44.98','12.73','150.01'
'Wednesday','July','13','2016','01:15:00','222.39','14.30','NA','16.88','10.77','173.42','199.29','5.67','44.98','12.73','150.01'
'Wednesday','July','13','2016','01:45:00','228.53','15.16','NA','22.71','10.61','151.44','147.47','7.84','63.18','31.96','175.94'
'Wednesday','July','13','2016','01:45:00','228.53','15.16','NA','22.71','10.61','151.44','147.47','7.84','63.18','31.96','175.94'
'Wednesday','July','13','2016','02:15:00','196.04','8.26','NA','16.59','9.90','127.81','87.98','10.38','62.44','41.35','132.43'
'Wednesday','July','13','2016','02:15:00','196.04','8.26','NA','16.59','9.90','127.81','87.98','10.38','62.44','41.35','132.43'
'Wednesday','July','13','2016','02:30:00','178.30','8.72','NA','12.57','10.66','117.88','115.52','9.96','56.65','33.12','118.98'
'Wednesday','July','13','2016','02:30:00','178.30','8.72','NA','12.57','10.66','117.88','115.52','9.96','56.65','33.12','118.98'
'Wednesday','July','13','2016','03:15:00','270.86','12.16','NA','16.27','10.50','70.34','104.88','6.03','40.16','74.76','64.15'
'Wednesday','July','13','2016','03:15:00','270.86','12.16','NA','16.27','10.50','70.34','104.88','6.03','40.16','74.76','64.15'
'Wednesday','July','13','2016','03:45:00','246.85','8.15','NA','13.52','9.73','58.04','96.51','4.59','45.91','65.02','52.96'
'Wednesday','July','13','2016','03:45:00','246.85','8.15','NA','13.52','9.73','58.04','96.51','4.59','45.91','65.02','52.96'
'Wednesday','July','13','2016','04:15:00','260.23','8.92','NA','8.93','12.84','52.50','129.32','7.83','29.55','105.32','25.44'
'Wednesday','July','13','2016','04:15:00','260.23','8.92','NA','8.93','12.84','52.50','129.32','7.83','29.55','105.32','25.44'
'Wednesday','July','13','2016','04:15:00','260.23','8.92','NA','8.93','12.84','52.50','129.32','7.83','29.55','105.32','25.44'
'Wednesday','July','13','2016','04:15:00','260.23','8.92','NA','8.93','12.84','52.50','129.32','7.83','29.55','105.32','25.44'
'Wednesday','July','13','2016','05:15:00','266.71','9.31','NA','9.63','11.69','70.14','111.78','4.96','32.91','76.07','28.71'
'Wednesday','July','13','2016','05:15:00','266.71','9.31','NA','9.63','11.69','70.14','111.78','4.96','32.91','76.07','28.71'
'Wednesday','July','13','2016','05:45:00','223.83','9.24','NA','11.64','9.82','56.76','188.33','4.24','34.65','67.57','51.89'
'Wednesday','July','13','2016','05:45:00','223.83','9.24','NA','11.64','9.82','56.76','188.33','4.24','34.65','67.57','51.89'
'Wednesday','July','13','2016','06:15:00','261.07','10.48','NA','24.37','11.37','66.54','106.65','2.59','43.98','48.65','43.13'
'Wednesday','July','13','2016','06:15:00','261.07','10.48','NA','24.37','11.37','66.54','106.65','2.59','43.98','48.65','43.13'
'Wednesday','July','13','2016','06:45:00','244.38','10.77','NA','33.52','11.39','71.18','64.00','15.90','30.76','59.22','36.10'
'Wednesday','July','13','2016','06:45:00','244.38','10.77','NA','33.52','11.39','71.18','64.00','15.90','30.76','59.22','36.10'
'Wednesday','July','13','2016','07:15:00','283.66','5.90','NA','33.53','9.32','87.65','71.64','23.03','33.57','107.27','57.82'
'Wednesday','July','13','2016','07:15:00','283.66','5.90','NA','33.53','9.32','87.65','71.64','23.03','33.57','107.27','57.82'
'Wednesday','July','13','2016','07:45:00','244.06','6.27','NA','46.19','10.65','130.39','96.65','24.53','28.47','122.63','59.27'
'Wednesday','July','13','2016','07:45:00','244.06','6.27','NA','46.19','10.65','130.39','96.65','24.53','28.47','122.63','59.27'
'Wednesday','July','13','2016','08:15:00','182.78','3.91','NA','39.46','9.81','127.88','98.88','21.50','20.59','104.12','54.61'
'Wednesday','July','13','2016','08:15:00','182.78','3.91','NA','39.46','9.81','127.88','98.88','21.50','20.59','104.12','54.61'
'Wednesday','July','13','2016','08:45:00','155.27','2.97','NA','37.01','9.63','93.61','75.72','42.07','21.09','51.00','48.05'
'Wednesday','July','13','2016','08:45:00','155.27','2.97','NA','37.01','9.63','93.61','75.72','42.07','21.09','51.00','48.05'
'Wednesday','July','13','2016','09:15:00','130.65','2.34','NA','32.27','11.15','95.32','74.96','42.50','19.01','21.61','5.34'
'Wednesday','July','13','2016','09:15:00','130.65','2.34','NA','32.27','11.15','95.32','74.96','42.50','19.01','21.61','5.34'
'Wednesday','July','13','2016','09:45:00','119.95','1.75','NA','19.71','11.20','53.02','38.95','63.14','17.31','13.26','27.06'
'Wednesday','July','13','2016','09:45:00','119.95','1.75','NA','19.71','11.20','53.02','38.95','63.14','17.31','13.26','27.06'
'Wednesday','July','13','2016','10:15:00','100.10','3.68','NA','23.24','9.27','83.52','59.26','59.86','23.91','18.89','23.57'
'Wednesday','July','13','2016','10:15:00','100.10','3.68','NA','23.24','9.27','83.52','59.26','59.86','23.91','18.89','23.57'
'Wednesday','July','13','2016','10:45:00','103.96','4.67','NA','34.37','8.95','90.16','46.69','66.82','20.26','19.11','10.75'
'Wednesday','July','13','2016','10:45:00','103.96','4.67','NA','34.37','8.95','90.16','46.69','66.82','20.26','19.11','10.75'
'Wednesday','July','13','2016','11:15:00','119.55','3.29','NA','26.50','8.32','114.51','69.28','52.56','22.09','10.68','13.55'
'Wednesday','July','13','2016','11:15:00','119.55','3.29','NA','26.50','8.32','114.51','69.28','52.56','22.09','10.68','13.55'
'Wednesday','July','13','2016','12:00:00','123.02','2.86','NA','24.04','10.11','123.67','75.53','44.56','24.65','13.19','10.49'
'Wednesday','July','13','2016','12:00:00','123.02','2.86','NA','24.04','10.11','123.67','75.53','44.56','24.65','13.19','10.49'
'Wednesday','July','13','2016','12:15:00','106.35','4.44','NA','20.92','10.12','121.52','81.87','47.01','21.03','11.85','22.05'
'Wednesday','July','13','2016','12:15:00','106.35','4.44','NA','20.92','10.12','121.52','81.87','47.01','21.03','11.85','22.05'
'Wednesday','July','13','2016','12:45:00','108.90','4.55','NA','26.05','9.10','146.52','86.12','44.05','22.68','16.36','24.18'
'Wednesday','July','13','2016','12:45:00','108.90','4.55','NA','26.05','9.10','146.52','86.12','44.05','22.68','16.36','24.18'
'Wednesday','July','13','2016','12:45:00','108.90','4.55','NA','26.05','9.10','146.52','86.12','44.05','22.68','16.36','24.18'
'Wednesday','July','13','2016','12:45:00','108.90','4.55','NA','26.05','9.10','146.52','86.12','44.05','22.68','16.36','24.18'
'Wednesday','July','13','2016','13:45:00','109.63','9.61','NA','23.86','11.64','72.59','56.75','54.30','21.81','29.55','18.17'
'Wednesday','July','13','2016','13:45:00','109.63','9.61','NA','23.86','11.64','72.59','56.75','54.30','21.81','29.55','18.17'
'Wednesday','July','13','2016','14:15:00','128.65','8.45','NA','43.35','9.09','88.74','47.77','85.30','20.48','39.58','49.97'
'Wednesday','July','13','2016','14:15:00','128.65','8.45','NA','43.35','9.09','88.74','47.77','85.30','20.48','39.58','49.97'
'Wednesday','July','13','2016','14:45:00','81.80','4.62','NA','23.88','11.22','59.09','39.65','88.48','22.22','67.22','32.57'
'Wednesday','July','13','2016','14:45:00','81.80','4.62','NA','23.88','11.22','59.09','39.65','88.48','22.22','67.22','32.57'
'Wednesday','July','13','2016','15:15:00','92.51','5.33','NA','47.12','7.25','32.47','55.36','110.68','30.31','98.02','43.28'
'Wednesday','July','13','2016','15:15:00','92.51','5.33','NA','47.12','7.25','32.47','55.36','110.68','30.31','98.02','43.28'
'Wednesday','July','13','2016','15:45:00','107.90','0.28','NA','13.15','9.33','157.63','71.49','36.04','23.08','39.04','18.21'
'Wednesday','July','13','2016','15:45:00','107.90','0.28','NA','13.15','9.33','157.63','71.49','36.04','23.08','39.04','18.21'
'Wednesday','July','13','2016','16:15:00','99.22','1.50','NA','19.39','9.80','177.04','94.78','38.44','21.44','47.67','18.21'
'Wednesday','July','13','2016','16:15:00','99.22','1.50','NA','19.39','9.80','177.04','94.78','38.44','21.44','47.67','18.21'
'Wednesday','July','13','2016','16:15:00','99.22','1.50','NA','19.39','9.80','177.04','94.78','38.44','21.44','47.67','18.21'
'Wednesday','July','13','2016','16:15:00','99.22','1.50','NA','19.39','9.80','177.04','94.78','38.44','21.44','47.67','18.21'
'Wednesday','July','13','2016','17:15:00','98.89','0.58','NA','4.98','11.60','104.13','63.69','23.48','19.41','5.57','26.42'
'Wednesday','July','13','2016','17:15:00','98.89','0.58','NA','4.98','11.60','104.13','63.69','23.48','19.41','5.57','26.42'
'Wednesday','July','13','2016','17:30:00','70.92','9.84','NA','1.62','11.03','81.57','41.41','34.51','19.71','4.80','26.42'
'Wednesday','July','13','2016','17:30:00','70.92','9.84','NA','1.62','11.03','81.57','41.41','34.51','19.71','4.80','26.42'
'Wednesday','July','13','2016','18:15:00','102.16','1.46','NA','10.94','11.21','131.38','58.33','27.26','27.26','14.68','26.42'
'Wednesday','July','13','2016','18:15:00','102.16','1.46','NA','10.94','11.21','131.38','58.33','27.26','27.26','14.68','26.42'
'Wednesday','July','13','2016','18:45:00','87.04','4.29','NA','3.44','11.79','171.69','81.72','16.17','23.82','18.73','26.42'
'Wednesday','July','13','2016','18:45:00','87.04','4.29','NA','3.44','11.79','171.69','81.72','16.17','23.82','18.73','26.42'
'Wednesday','July','13','2016','19:15:00','102.91','5.61','NA','7.77','10.73','187.24','47.78','12.51','26.90','9.46','50.02'
'Wednesday','July','13','2016','19:15:00','102.91','5.61','NA','7.77','10.73','187.24','47.78','12.51','26.90','9.46','50.02'
'Wednesday','July','13','2016','19:45:00','122.10','3.68','NA','6.31','9.11','124.73','42.81','23.63','27.27','8.76','14.88'
'Wednesday','July','13','2016','19:45:00','122.10','3.68','NA','6.31','9.11','124.73','42.81','23.63','27.27','8.76','14.88'
'Wednesday','July','13','2016','19:45:00','122.10','3.68','NA','6.31','9.11','124.73','42.81','23.63','27.27','8.76','14.88'
'Wednesday','July','13','2016','19:45:00','122.10','3.68','NA','6.31','9.11','124.73','42.81','23.63','27.27','8.76','14.88'
'Wednesday','July','13','2016','20:45:00','117.58','9.93','NA','16.90','11.43','228.09','198.72','6.26','42.02','7.14','101.02'
'Wednesday','July','13','2016','20:45:00','117.58','9.93','NA','16.90','11.43','228.09','198.72','6.26','42.02','7.14','101.02'
'Wednesday','July','13','2016','21:15:00','140.53','12.29','NA','10.01','10.88','217.60','264.38','8.84','41.97','6.07','109.49'
'Wednesday','July','13','2016','21:15:00','140.53','12.29','NA','10.01','10.88','217.60','264.38','8.84','41.97','6.07','109.49'
'Wednesday','July','13','2016','21:30:00','146.12','13.14','NA','12.75','11.08','216.14','254.67','7.57','40.92','8.50','133.25'
'Wednesday','July','13','2016','21:30:00','146.12','13.14','NA','12.75','11.08','216.14','254.67','7.57','40.92','8.50','133.25'
'Wednesday','July','13','2016','22:15:00','197.82','15.73','NA','20.79','8.82','257.04','454.28','8.99','45.58','8.47','184.70'
'Wednesday','July','13','2016','22:15:00','197.82','15.73','NA','20.79','8.82','257.04','454.28','8.99','45.58','8.47','184.70'
'Wednesday','July','13','2016','22:45:00','162.60','17.56','NA','14.86','10.34','235.90','454.28','3.93','50.53','6.63','178.88'
'Wednesday','July','13','2016','22:45:00','162.60','17.56','NA','14.86','10.34','235.90','454.28','3.93','50.53','6.63','178.88'
'Wednesday','July','13','2016','23:15:00','152.10','18.80','NA','1.77','11.40','223.72','454.28','7.41','63.47','6.42','174.21'
'Wednesday','July','13','2016','23:15:00','152.10','18.80','NA','1.77','11.40','223.72','454.28','7.41','63.47','6.42','174.21'
'Wednesday','July','13','2016','23:30:00','170.47','17.77','NA','5.78','9.90','215.06','454.28','12.48','52.50','8.35','155.85'
'Wednesday','July','13','2016','23:30:00','170.47','17.77','NA','5.78','9.90','215.06','454.28','12.48','52.50','8.35','155.85'
'Wednesday','July','13','2016','23:30:00','170.47','17.77','NA','5.78','9.90','215.06','454.28','12.48','52.50','8.35','155.85'
'Wednesday','July','13','2016','23:30:00','170.47','17.77','NA','5.78','9.90','215.06','454.28','12.48','52.50','8.35','155.85'
'Thursday','July','14','2016','00:45:00','151.38','16.80','NA','6.89','9.80','172.90','454.28','8.23','58.69','9.45','184.74'
'Thursday','July','14','2016','00:45:00','151.38','16.80','NA','6.89','9.80','172.90','454.28','8.23','58.69','9.45','184.74'
'Thursday','July','14','2016','01:15:00','206.83','21.02','NA','9.41','11.02','207.39','454.28','10.27','60.20','12.50','196.80'
'Thursday','July','14','2016','01:15:00','206.83','21.02','NA','9.41','11.02','207.39','454.28','10.27','60.20','12.50','196.80'
'Thursday','July','14','2016','01:45:00','223.96','25.62','NA','11.78','11.17','191.23','454.28','13.29','75.98','17.34','196.80'
'Thursday','July','14','2016','01:45:00','223.96','25.62','NA','11.78','11.17','191.23','454.28','13.29','75.98','17.34','196.80'
'Thursday','July','14','2016','02:15:00','230.22','26.24','NA','6.53','9.07','185.40','454.28','13.17','74.20','58.66','196.80'
'Thursday','July','14','2016','02:15:00','230.22','26.24','NA','6.53','9.07','185.40','454.28','13.17','74.20','58.66','196.80'
'Thursday','July','14','2016','02:45:00','261.75','24.74','NA','11.32','10.21','139.45','454.28','14.86','80.24','120.43','196.80'
'Thursday','July','14','2016','02:45:00','261.75','24.74','NA','11.32','10.21','139.45','454.28','14.86','80.24','120.43','196.80'
'Thursday','July','14','2016','03:15:00','280.99','19.04','NA','11.10','10.40','114.45','435.24','12.26','64.60','106.93','196.80'
'Thursday','July','14','2016','03:15:00','280.99','19.04','NA','11.10','10.40','114.45','435.24','12.26','64.60','106.93','196.80'
'Thursday','July','14','2016','03:45:00','288.21','17.21','NA','6.15','10.07','94.69','312.74','10.29','47.87','185.24','192.86'
'Thursday','July','14','2016','03:45:00','288.21','17.21','NA','6.15','10.07','94.69','312.74','10.29','47.87','185.24','192.86'
'Thursday','July','14','2016','04:15:00','293.01','12.78','NA','3.17','9.66','72.05','198.73','16.30','32.48','199.61','121.84'
'Thursday','July','14','2016','04:15:00','293.01','12.78','NA','3.17','9.66','72.05','198.73','16.30','32.48','199.61','121.84'
'Thursday','July','14','2016','04:45:00','277.35','11.00','NA','1.65','9.50','72.29','159.17','16.23','39.42','135.40','88.37'
'Thursday','July','14','2016','04:45:00','277.35','11.00','NA','1.65','9.50','72.29','159.17','16.23','39.42','135.40','88.37'
'Thursday','July','14','2016','04:45:00','277.35','11.00','NA','1.65','9.50','72.29','159.17','16.23','39.42','135.40','88.37'
'Thursday','July','14','2016','04:45:00','277.35','11.00','NA','1.65','9.50','72.29','159.17','16.23','39.42','135.40','88.37'
'Thursday','July','14','2016','04:45:00','277.35','11.00','NA','1.65','9.50','72.29','159.17','16.23','39.42','135.40','88.37'
'Thursday','July','14','2016','04:45:00','277.35','11.00','NA','1.65','9.50','72.29','159.17','16.23','39.42','135.40','88.37'
'Thursday','July','14','2016','04:45:00','277.35','11.00','NA','1.65','9.50','72.29','159.17','16.23','39.42','135.40','88.37'
'Thursday','July','14','2016','04:45:00','277.35','11.00','NA','1.65','9.50','72.29','159.17','16.23','39.42','135.40','88.37'
'Thursday','July','14','2016','04:45:00','277.35','11.00','NA','1.65','9.50','72.29','159.17','16.23','39.42','135.40','88.37'
'Thursday','July','14','2016','04:45:00','277.35','11.00','NA','1.65','9.50','72.29','159.17','16.23','39.42','135.40','88.37'
'Thursday','July','14','2016','04:45:00','277.35','11.00','NA','1.65','9.50','72.29','159.17','16.23','39.42','135.40','88.37'
'Thursday','July','14','2016','04:45:00','277.35','11.00','NA','1.65','9.50','72.29','159.17','16.23','39.42','135.40','88.37'
'Thursday','July','14','2016','04:45:00','277.35','11.00','NA','1.65','9.50','72.29','159.17','16.23','39.42','135.40','88.37'
'Thursday','July','14','2016','04:45:00','277.35','11.00','NA','1.65','9.50','72.29','159.17','16.23','39.42','135.40','88.37'
'Thursday','July','14','2016','04:45:00','277.35','11.00','NA','1.65','9.50','72.29','159.17','16.23','39.42','135.40','88.37'
'Thursday','July','14','2016','04:45:00','277.35','11.00','NA','1.65','9.50','72.29','159.17','16.23','39.42','135.40','88.37'
'Thursday','July','14','2016','04:45:00','277.35','11.00','NA','1.65','9.50','72.29','159.17','16.23','39.42','135.40','88.37'
'Thursday','July','14','2016','04:45:00','277.35','11.00','NA','1.65','9.50','72.29','159.17','16.23','39.42','135.40','88.37'
'Thursday','July','14','2016','04:45:00','277.35','11.00','NA','1.65','9.50','72.29','159.17','16.23','39.42','135.40','88.37'
'Thursday','July','14','2016','04:45:00','277.35','11.00','NA','1.65','9.50','72.29','159.17','16.23','39.42','135.40','88.37'
'Thursday','July','14','2016','04:45:00','277.35','11.00','NA','1.65','9.50','72.29','159.17','16.23','39.42','135.40','88.37'
'Thursday','July','14','2016','04:45:00','277.35','11.00','NA','1.65','9.50','72.29','159.17','16.23','39.42','135.40','88.37'
'Thursday','July','14','2016','05:00:00','272.28','7.04','NA','3.56','9.13','78.48','140.80','6.92','42.25','122.12','86.32'
'Thursday','July','14','2016','05:00:00','272.28','7.04','NA','3.56','9.13','78.48','140.80','6.92','42.25','122.12','86.32'
'Thursday','July','14','2016','05:00:00','272.28','7.04','NA','3.56','9.13','78.48','140.80','6.92','42.25','122.12','86.32'
'Thursday','July','14','2016','05:00:00','272.28','7.04','NA','3.56','9.13','78.48','140.80','6.92','42.25','122.12','86.32'
'Thursday','July','14','2016','05:00:00','272.28','7.04','NA','3.56','9.13','78.48','140.80','6.92','42.25','122.12','86.32'
'Thursday','July','14','2016','05:00:00','272.28','7.04','NA','3.56','9.13','78.48','140.80','6.92','42.25','122.12','86.32'
'Thursday','July','14','2016','11:45:00','94.06','3.96','NA','27.62','8.70','47.34','47.43','86.08','19.24','7.51','36.07'
'Thursday','July','14','2016','11:45:00','94.06','3.96','NA','27.62','8.70','47.34','47.43','86.08','19.24','7.51','36.07'
'Thursday','July','14','2016','11:45:00','94.06','3.96','NA','27.62','8.70','47.34','47.43','86.08','19.24','7.51','36.07'
'Thursday','July','14','2016','11:45:00','94.06','3.96','NA','27.62','8.70','47.34','47.43','86.08','19.24','7.51','36.07'
'Thursday','July','14','2016','11:45:00','94.06','3.96','NA','27.62','8.70','47.34','47.43','86.08','19.24','7.51','36.07'
'Thursday','July','14','2016','11:45:00','94.06','3.96','NA','27.62','8.70','47.34','47.43','86.08','19.24','7.51','36.07'
'Thursday','July','14','2016','11:45:00','94.06','3.96','NA','27.62','8.70','47.34','47.43','86.08','19.24','7.51','36.07'
'Thursday','July','14','2016','11:45:00','94.06','3.96','NA','27.62','8.70','47.34','47.43','86.08','19.24','7.51','36.07'
'Thursday','July','14','2016','11:45:00','94.06','3.96','NA','27.62','8.70','47.34','47.43','86.08','19.24','7.51','36.07'
'Thursday','July','14','2016','11:45:00','94.06','3.96','NA','27.62','8.70','47.34','47.43','86.08','19.24','7.51','36.07'
'Thursday','July','14','2016','14:30:00','95.48','6.19','NA','31.50','9.93','30.55','26.88','131.07','22.03','22.33','39.65'
'Thursday','July','14','2016','14:30:00','95.48','6.19','NA','31.50','9.93','30.55','26.88','131.07','22.03','22.33','39.65'
'Thursday','July','14','2016','14:45:00','108.91','7.85','NA','31.20','11.07','54.98','34.38','125.52','19.84','30.59','48.22'
'Thursday','July','14','2016','14:45:00','108.91','7.85','NA','31.20','11.07','54.98','34.38','125.52','19.84','30.59','48.22'
'Thursday','July','14','2016','15:30:00','116.90','4.31','NA','24.27','12.42','52.99','25.20','88.29','23.32','13.19','34.34'
'Thursday','July','14','2016','15:30:00','116.90','4.31','NA','24.27','12.42','52.99','25.20','88.29','23.32','13.19','34.34'
'Thursday','July','14','2016','16:00:00','97.32','5.28','NA','16.23','11.22','58.98','35.42','58.58','22.94','12.79','28.41'
'Thursday','July','14','2016','16:00:00','97.32','5.28','NA','16.23','11.22','58.98','35.42','58.58','22.94','12.79','28.41'
'Thursday','July','14','2016','16:30:00','136.14','0.22','NA','14.10','11.94','278.21','147.72','1.43','29.95','6.60','5.61'
'Thursday','July','14','2016','16:30:00','136.14','0.22','NA','14.10','11.94','278.21','147.72','1.43','29.95','6.60','5.61'
'Thursday','July','14','2016','16:45:00','90.74','8.42','NA','21.38','12.55','110.97','49.53','61.50','29.13','8.34','18.09'
'Thursday','July','14','2016','16:45:00','90.74','8.42','NA','21.38','12.55','110.97','49.53','61.50','29.13','8.34','18.09'
'Thursday','July','14','2016','17:30:00','79.36','1.14','NA','6.85','11.88','39.23','54.38','62.29','19.61','3.89','35.57'
'Thursday','July','14','2016','17:30:00','79.36','1.14','NA','6.85','11.88','39.23','54.38','62.29','19.61','3.89','35.57'
'Thursday','July','14','2016','17:45:00','40.08','1.34','NA','12.92','12.14','52.21','33.94','62.84','27.06','2.65','29.28'
'Thursday','July','14','2016','17:45:00','40.08','1.34','NA','12.92','12.14','52.21','33.94','62.84','27.06','2.65','29.28'
'Thursday','July','14','2016','18:30:00','53.69','8.45','NA','16.59','10.38','239.09','133.70','10.87','39.10','0.68','66.97'
'Thursday','July','14','2016','18:30:00','53.69','8.45','NA','16.59','10.38','239.09','133.70','10.87','39.10','0.68','66.97'
'Thursday','July','14','2016','18:30:00','53.69','8.45','NA','16.59','10.38','239.09','133.70','10.87','39.10','0.68','66.97'
'Thursday','July','14','2016','18:30:00','53.69','8.45','NA','16.59','10.38','239.09','133.70','10.87','39.10','0.68','66.97'
'Thursday','July','14','2016','19:30:00','103.05','19.68','NA','15.81','12.32','248.14','70.00','18.81','40.19','3.52','95.00'
'Thursday','July','14','2016','19:30:00','103.05','19.68','NA','15.81','12.32','248.14','70.00','18.81','40.19','3.52','95.00'
'Thursday','July','14','2016','19:45:00','116.75','16.93','NA','23.29','10.43','246.10','89.14','17.67','35.05','2.52','87.82'
'Thursday','July','14','2016','19:45:00','116.75','16.93','NA','23.29','10.43','246.10','89.14','17.67','35.05','2.52','87.82'
'Thursday','July','14','2016','20:30:00','128.87','16.84','NA','23.39','8.89','273.13','316.64','8.55','44.24','2.55','107.84'
'Thursday','July','14','2016','20:30:00','128.87','16.84','NA','23.39','8.89','273.13','316.64','8.55','44.24','2.55','107.84'
'Thursday','July','14','2016','20:45:00','129.59','18.05','NA','19.20','9.25','277.66','335.71','11.81','50.61','2.55','127.04'
'Thursday','July','14','2016','20:45:00','129.59','18.05','NA','19.20','9.25','277.66','335.71','11.81','50.61','2.55','127.04'
'Thursday','July','14','2016','21:30:00','178.54','37.98','NA','28.70','9.26','242.68','453.49','15.27','59.38','2.17','147.59'
'Thursday','July','14','2016','21:30:00','178.54','37.98','NA','28.70','9.26','242.68','453.49','15.27','59.38','2.17','147.59'
'Thursday','July','14','2016','21:45:00','143.80','38.83','NA','28.59','8.33','242.76','453.49','23.61','66.51','2.87','147.59'
'Thursday','July','14','2016','21:45:00','143.80','38.83','NA','28.59','8.33','242.76','453.49','23.61','66.51','2.87','147.59'
'Thursday','July','14','2016','22:30:00','198.29','34.41','NA','22.14','9.86','233.15','480.29','12.64','53.25','2.40','147.59'
'Thursday','July','14','2016','22:30:00','198.29','34.41','NA','22.14','9.86','233.15','480.29','12.64','53.25','2.40','147.59'
'Thursday','July','14','2016','22:45:00','193.02','35.34','NA','21.23','10.78','214.69','480.29','11.28','55.55','2.54','147.59'
'Thursday','July','14','2016','22:45:00','193.02','35.34','NA','21.23','10.78','214.69','480.29','11.28','55.55','2.54','147.59'
'Thursday','July','14','2016','23:30:00','214.11','20.61','NA','22.62','9.84','252.37','480.29','21.32','59.11','5.56','153.56'
'Thursday','July','14','2016','23:30:00','214.11','20.61','NA','22.62','9.84','252.37','480.29','21.32','59.11','5.56','153.56'
'Thursday','July','14','2016','23:45:00','185.50','14.25','NA','17.43','9.70','263.47','480.29','22.46','48.89','6.26','121.64'
'Thursday','July','14','2016','23:45:00','185.50','14.25','NA','17.43','9.70','263.47','480.29','22.46','48.89','6.26','121.64'
'Thursday','July','14','2016','23:45:00','185.50','14.25','NA','17.43','9.70','263.47','480.29','22.46','48.89','6.26','121.64'
'Thursday','July','14','2016','23:45:00','185.50','14.25','NA','17.43','9.70','263.47','480.29','22.46','48.89','6.26','121.64'
'Friday','July','15','2016','00:45:00','162.84','12.55','NA','14.38','10.47','245.90','480.29','11.51','50.07','18.35','102.23'
'Friday','July','15','2016','00:45:00','162.84','12.55','NA','14.38','10.47','245.90','480.29','11.51','50.07','18.35','102.23'
'Friday','July','15','2016','01:30:00','185.22','16.95','NA','14.58','10.28','188.68','373.86','11.51','41.88','21.90','85.62'
'Friday','July','15','2016','01:30:00','185.22','16.95','NA','14.58','10.28','188.68','373.86','11.51','41.88','21.90','85.62'
'Friday','July','15','2016','01:45:00','160.21','13.85','NA','14.11','10.71','167.98','241.34','9.78','36.10','20.34','68.46'
'Friday','July','15','2016','01:45:00','160.21','13.85','NA','14.11','10.71','167.98','241.34','9.78','36.10','20.34','68.46'
'Friday','July','15','2016','02:30:00','141.09','5.60','NA','10.11','11.55','142.68','129.21','6.50','33.47','10.34','12.98'
'Friday','July','15','2016','02:30:00','141.09','5.60','NA','10.11','11.55','142.68','129.21','6.50','33.47','10.34','12.98'
'Friday','July','15','2016','02:45:00','129.03','8.33','NA','11.03','11.94','142.73','164.19','4.58','26.04','8.11','12.98'
'Friday','July','15','2016','02:45:00','129.03','8.33','NA','11.03','11.94','142.73','164.19','4.58','26.04','8.11','12.98'
'Friday','July','15','2016','03:30:00','162.76','6.12','NA','6.21','10.81','141.48','372.49','9.31','35.73','6.53','12.98'
'Friday','July','15','2016','03:30:00','162.76','6.12','NA','6.21','10.81','141.48','372.49','9.31','35.73','6.53','12.98'
'Friday','July','15','2016','03:45:00','148.45','7.95','NA','8.65','10.51','135.19','276.63','9.43','25.76','6.89','12.98'
'Friday','July','15','2016','03:45:00','148.45','7.95','NA','8.65','10.51','135.19','276.63','9.43','25.76','6.89','12.98'
'Friday','July','15','2016','04:30:00','181.75','11.52','NA','8.21','11.00','125.11','427.36','11.41','33.30','5.83','31.86'
'Friday','July','15','2016','04:30:00','181.75','11.52','NA','8.21','11.00','125.11','427.36','11.41','33.30','5.83','31.86'
'Friday','July','15','2016','04:45:00','198.48','3.97','NA','5.29','10.26','135.15','427.36','7.35','31.78','4.99','31.86'
'Friday','July','15','2016','04:45:00','198.48','3.97','NA','5.29','10.26','135.15','427.36','7.35','31.78','4.99','31.86'
'Friday','July','15','2016','05:30:00','194.54','6.24','NA','8.42','9.69','134.57','293.90','13.21','28.29','7.67','47.65'
'Friday','July','15','2016','05:30:00','194.54','6.24','NA','8.42','9.69','134.57','293.90','13.21','28.29','7.67','47.65'
'Friday','July','15','2016','05:45:00','225.10','8.43','NA','9.35','11.47','152.14','341.96','13.24','46.51','13.83','47.06'
'Friday','July','15','2016','05:45:00','225.10','8.43','NA','9.35','11.47','152.14','341.96','13.24','46.51','13.83','47.06'
'Friday','July','15','2016','06:30:00','233.58','10.04','NA','12.97','10.73','159.70','282.08','14.67','46.65','11.02','124.36'
'Friday','July','15','2016','06:30:00','233.58','10.04','NA','12.97','10.73','159.70','282.08','14.67','46.65','11.02','124.36'
'Friday','July','15','2016','06:45:00','240.67','10.21','NA','15.08','9.42','158.70','354.07','15.01','58.26','10.27','177.86'
'Friday','July','15','2016','06:45:00','240.67','10.21','NA','15.08','9.42','158.70','354.07','15.01','58.26','10.27','177.86'
'Friday','July','15','2016','07:30:00','244.07','6.55','NA','38.38','8.71','233.39','160.45','19.54','56.03','34.35','130.08'
'Friday','July','15','2016','07:30:00','244.07','6.55','NA','38.38','8.71','233.39','160.45','19.54','56.03','34.35','130.08'
'Friday','July','15','2016','07:45:00','224.53','10.01','NA','35.34','8.18','231.30','139.13','18.15','41.47','29.37','101.42'
'Friday','July','15','2016','07:45:00','224.53','10.01','NA','35.34','8.18','231.30','139.13','18.15','41.47','29.37','101.42'
'Friday','July','15','2016','08:15:00','211.80','12.63','NA','39.57','11.31','259.60','174.33','20.46','42.14','33.30','93.92'
'Friday','July','15','2016','08:15:00','211.80','12.63','NA','39.57','11.31','259.60','174.33','20.46','42.14','33.30','93.92'
'Friday','July','15','2016','08:45:00','87.75','3.86','NA','24.16','9.63','157.37','91.98','35.89','32.03','33.33','4.92'
'Friday','July','15','2016','08:45:00','87.75','3.86','NA','24.16','9.63','157.37','91.98','35.89','32.03','33.33','4.92'
'Friday','July','15','2016','09:30:00','122.87','5.46','NA','37.61','8.18','67.71','62.32','66.11','31.64','19.18','44.59'
'Friday','July','15','2016','09:30:00','122.87','5.46','NA','37.61','8.18','67.71','62.32','66.11','31.64','19.18','44.59'
'Friday','July','15','2016','09:45:00','141.67','7.27','NA','46.70','8.90','95.53','59.44','71.13','28.34','21.15','40.65'
'Friday','July','15','2016','09:45:00','141.67','7.27','NA','46.70','8.90','95.53','59.44','71.13','28.34','21.15','40.65'
'Friday','July','15','2016','10:30:00','113.60','8.03','NA','44.23','11.04','105.83','75.86','56.55','26.36','16.45','51.03'
'Friday','July','15','2016','10:30:00','113.60','8.03','NA','44.23','11.04','105.83','75.86','56.55','26.36','16.45','51.03'
'Friday','July','15','2016','10:45:00','118.15','7.75','NA','36.39','10.47','121.24','82.85','48.09','28.64','16.14','39.08'
'Friday','July','15','2016','10:45:00','118.15','7.75','NA','36.39','10.47','121.24','82.85','48.09','28.64','16.14','39.08'
'Friday','July','15','2016','11:30:00','96.03','3.10','NA','27.47','10.05','59.00','50.24','81.89','22.66','9.57','36.54'
'Friday','July','15','2016','11:30:00','96.03','3.10','NA','27.47','10.05','59.00','50.24','81.89','22.66','9.57','36.54'
'Friday','July','15','2016','11:45:00','113.80','5.52','NA','27.55','9.41','48.66','55.14','81.95','27.59','10.88','55.46'
'Friday','July','15','2016','11:45:00','113.80','5.52','NA','27.55','9.41','48.66','55.14','81.95','27.59','10.88','55.46'
'Friday','July','15','2016','12:30:00','104.43','6.50','NA','17.73','9.54','85.02','61.81','55.62','27.39','15.36','23.20'
'Friday','July','15','2016','12:30:00','104.43','6.50','NA','17.73','9.54','85.02','61.81','55.62','27.39','15.36','23.20'
'Friday','July','15','2016','12:45:00','87.75','7.51','NA','15.80','10.94','85.20','47.56','57.67','27.15','15.71','23.20'
'Friday','July','15','2016','12:45:00','87.75','7.51','NA','15.80','10.94','85.20','47.56','57.67','27.15','15.71','23.20'
'Friday','July','15','2016','13:30:00','103.05','5.15','NA','21.97','10.43','52.05','36.44','75.05','21.33','13.81','46.99'
'Friday','July','15','2016','13:30:00','103.05','5.15','NA','21.97','10.43','52.05','36.44','75.05','21.33','13.81','46.99'
'Friday','July','15','2016','13:45:00','95.76','5.18','NA','20.65','8.68','35.70','29.98','63.06','23.99','10.69','25.28'
'Friday','July','15','2016','13:45:00','95.76','5.18','NA','20.65','8.68','35.70','29.98','63.06','23.99','10.69','25.28'
'Friday','July','15','2016','14:30:00','94.99','1.81','NA','21.85','8.55','62.98','54.81','61.34','31.46','10.26','26.86'
'Friday','July','15','2016','14:30:00','94.99','1.81','NA','21.85','8.55','62.98','54.81','61.34','31.46','10.26','26.86'
'Friday','July','15','2016','14:45:00','104.29','2.23','NA','18.84','9.74','65.54','48.11','50.51','22.94','10.18','34.78'
'Friday','July','15','2016','14:45:00','104.29','2.23','NA','18.84','9.74','65.54','48.11','50.51','22.94','10.18','34.78'
'Friday','July','15','2016','15:30:00','104.18','5.07','NA','18.56','9.76','102.91','74.09','49.45','24.48','10.18','116.15'
'Friday','July','15','2016','15:30:00','104.18','5.07','NA','18.56','9.76','102.91','74.09','49.45','24.48','10.18','116.15'
'Friday','July','15','2016','15:45:00','94.48','6.19','NA','21.02','10.10','74.03','57.47','56.04','23.06','10.34','30.99'
'Friday','July','15','2016','15:45:00','94.48','6.19','NA','21.02','10.10','74.03','57.47','56.04','23.06','10.34','30.99'
'Friday','July','15','2016','16:30:00','95.06','3.62','NA','25.52','9.95','82.77','63.00','50.72','26.59','8.66','30.02'
'Friday','July','15','2016','16:30:00','95.06','3.62','NA','25.52','9.95','82.77','63.00','50.72','26.59','8.66','30.02'
'Friday','July','15','2016','16:45:00','109.46','4.60','NA','22.04','9.19','87.21','61.57','45.70','29.68','9.35','30.02'
'Friday','July','15','2016','16:45:00','109.46','4.60','NA','22.04','9.19','87.21','61.57','45.70','29.68','9.35','30.02'
'Friday','July','15','2016','17:30:00','118.67','6.04','NA','14.28','10.33','127.66','59.23','37.44','39.34','8.68','9.66'
'Friday','July','15','2016','17:30:00','118.67','6.04','NA','14.28','10.33','127.66','59.23','37.44','39.34','8.68','9.66'
'Friday','July','15','2016','17:45:00','106.26','5.71','NA','16.02','10.83','96.37','60.50','43.49','28.87','9.31','9.66'
'Friday','July','15','2016','17:45:00','106.26','5.71','NA','16.02','10.83','96.37','60.50','43.49','28.87','9.31','9.66'
'Friday','July','15','2016','18:30:00','97.38','5.03','NA','13.20','9.69','137.80','61.25','25.95','27.79','16.04','7.72'
'Friday','July','15','2016','18:30:00','97.38','5.03','NA','13.20','9.69','137.80','61.25','25.95','27.79','16.04','7.72'
'Friday','July','15','2016','18:45:00','98.88','3.82','NA','13.20','9.33','127.82','68.75','26.91','26.43','17.09','7.72'
'Friday','July','15','2016','18:45:00','98.88','3.82','NA','13.20','9.33','127.82','68.75','26.91','26.43','17.09','7.72'
'Friday','July','15','2016','19:30:00','120.16','11.02','NA','9.49','10.23','113.71','72.37','22.30','32.08','19.28','7.72'
'Friday','July','15','2016','19:30:00','120.16','11.02','NA','9.49','10.23','113.71','72.37','22.30','32.08','19.28','7.72'
'Friday','July','15','2016','19:45:00','115.29','13.52','NA','7.05','10.05','126.57','58.70','22.62','32.69','20.04','75.84'
'Friday','July','15','2016','19:45:00','115.29','13.52','NA','7.05','10.05','126.57','58.70','22.62','32.69','20.04','75.84'
'Friday','July','15','2016','20:30:00','115.08','12.97','NA','13.68','11.65','111.95','62.86','21.12','26.73','8.56','90.54'
'Friday','July','15','2016','20:30:00','115.08','12.97','NA','13.68','11.65','111.95','62.86','21.12','26.73','8.56','90.54'
'Friday','July','15','2016','20:45:00','118.11','11.57','NA','10.07','10.92','111.30','67.68','20.47','33.35','8.59','70.57'
'Friday','July','15','2016','20:45:00','118.11','11.57','NA','10.07','10.92','111.30','67.68','20.47','33.35','8.59','70.57'
'Friday','July','15','2016','21:30:00','121.29','3.37','NA','11.12','9.91','131.72','75.09','10.74','48.38','8.75','69.01'
'Friday','July','15','2016','21:30:00','121.29','3.37','NA','11.12','9.91','131.72','75.09','10.74','48.38','8.75','69.01'
'Friday','July','15','2016','21:45:00','130.41','9.40','NA','12.86','12.03','135.24','93.94','2.69','34.85','7.10','66.11'
'Friday','July','15','2016','21:45:00','130.41','9.40','NA','12.86','12.03','135.24','93.94','2.69','34.85','7.10','66.11'
'Friday','July','15','2016','22:30:00','112.24','3.24','NA','10.77','10.64','79.70','51.96','25.80','27.19','6.16','66.11'
'Friday','July','15','2016','22:30:00','112.24','3.24','NA','10.77','10.64','79.70','51.96','25.80','27.19','6.16','66.11'
'Friday','July','15','2016','22:45:00','75.49','2.78','NA','0.21','11.15','52.84','36.37','52.05','15.56','6.30','16.82'
'Friday','July','15','2016','22:45:00','75.49','2.78','NA','0.21','11.15','52.84','36.37','52.05','15.56','6.30','16.82'
'Friday','July','15','2016','23:30:00','114.11','2.18','NA','9.33','10.64','126.08','130.59','24.01','23.91','8.42','8.31'
'Friday','July','15','2016','23:30:00','114.11','2.18','NA','9.33','10.64','126.08','130.59','24.01','23.91','8.42','8.31'
'Friday','July','15','2016','23:45:00','116.84','2.74','NA','7.87','10.20','169.90','236.20','18.00','25.11','5.92','8.31'
'Friday','July','15','2016','23:45:00','116.84','2.74','NA','7.87','10.20','169.90','236.20','18.00','25.11','5.92','8.31'
'Friday','July','15','2016','23:45:00','116.84','2.74','NA','7.87','10.20','169.90','236.20','18.00','25.11','5.92','8.31'
'Friday','July','15','2016','23:45:00','116.84','2.74','NA','7.87','10.20','169.90','236.20','18.00','25.11','5.92','8.31'
'Saturday','July','16','2016','00:45:00','123.31','5.97','NA','1.79','11.95','175.52','315.50','7.32','26.38','3.52','8.31'
'Saturday','July','16','2016','00:45:00','123.31','5.97','NA','1.79','11.95','175.52','315.50','7.32','26.38','3.52','8.31'
'Saturday','July','16','2016','01:30:00','161.98','8.27','NA','5.24','11.69','140.92','364.56','4.93','28.11','5.25','44.17'
'Saturday','July','16','2016','01:30:00','161.98','8.27','NA','5.24','11.69','140.92','364.56','4.93','28.11','5.25','44.17'
'Saturday','July','16','2016','01:45:00','148.05','13.37','NA','3.41','11.62','125.98','285.75','7.12','30.75','2.89','44.17'
'Saturday','July','16','2016','01:45:00','148.05','13.37','NA','3.41','11.62','125.98','285.75','7.12','30.75','2.89','44.17'
'Saturday','July','16','2016','02:15:00','151.24','12.00','NA','1.31','13.29','129.83','477.92','10.14','29.76','5.06','49.32'
'Saturday','July','16','2016','02:15:00','151.24','12.00','NA','1.31','13.29','129.83','477.92','10.14','29.76','5.06','49.32'
'Saturday','July','16','2016','02:45:00','164.68','6.94','NA','9.72','9.96','126.66','229.80','15.61','26.43','6.65','30.31'
'Saturday','July','16','2016','02:45:00','164.68','6.94','NA','9.72','9.96','126.66','229.80','15.61','26.43','6.65','30.31'
'Saturday','July','16','2016','03:30:00','183.24','10.85','NA','4.26','13.33','124.76','155.70','7.15','35.65','39.88','30.31'
'Saturday','July','16','2016','03:30:00','183.24','10.85','NA','4.26','13.33','124.76','155.70','7.15','35.65','39.88','30.31'
'Saturday','July','16','2016','03:45:00','185.50','10.03','NA','4.94','12.02','121.43','165.33','9.11','30.75','42.01','38.96'
'Saturday','July','16','2016','03:45:00','185.50','10.03','NA','4.94','12.02','121.43','165.33','9.11','30.75','42.01','38.96'
'Saturday','July','16','2016','04:30:00','186.37','6.30','NA','8.79','11.06','123.09','91.66','4.92','26.24','41.75','54.93'
'Saturday','July','16','2016','04:30:00','186.37','6.30','NA','8.79','11.06','123.09','91.66','4.92','26.24','41.75','54.93'
'Saturday','July','16','2016','04:45:00','218.40','1.57','NA','11.08','12.21','96.07','92.69','14.16','29.09','28.18','15.73'
'Saturday','July','16','2016','04:45:00','218.40','1.57','NA','11.08','12.21','96.07','92.69','14.16','29.09','28.18','15.73'
'Saturday','July','16','2016','05:30:00','92.07','2.44','NA','18.04','12.17','36.63','28.67','67.58','22.51','4.45','13.99'
'Saturday','July','16','2016','05:30:00','92.07','2.44','NA','18.04','12.17','36.63','28.67','67.58','22.51','4.45','13.99'
'Saturday','July','16','2016','05:45:00','76.67','2.44','NA','12.73','10.87','71.46','43.07','50.51','23.64','2.96','13.99'
'Saturday','July','16','2016','05:45:00','76.67','2.44','NA','12.73','10.87','71.46','43.07','50.51','23.64','2.96','13.99'
'Saturday','July','16','2016','06:30:00','56.33','4.61','NA','22.24','11.23','77.14','32.61','51.70','13.94','3.15','10.81'
'Saturday','July','16','2016','06:30:00','56.33','4.61','NA','22.24','11.23','77.14','32.61','51.70','13.94','3.15','10.81'
'Saturday','July','16','2016','06:45:00','66.66','8.41','NA','20.85','11.91','90.24','51.91','45.07','21.45','2.61','12.68'
'Saturday','July','16','2016','06:45:00','66.66','8.41','NA','20.85','11.91','90.24','51.91','45.07','21.45','2.61','12.68'
'Saturday','July','16','2016','07:15:00','102.31','1.89','NA','19.08','12.08','201.77','106.50','23.64','23.97','3.14','3.34'
'Saturday','July','16','2016','07:15:00','102.31','1.89','NA','19.08','12.08','201.77','106.50','23.64','23.97','3.14','3.34'
'Saturday','July','16','2016','07:45:00','91.63','6.33','NA','26.64','10.67','180.71','88.96','25.30','29.59','4.14','17.43'
'Saturday','July','16','2016','07:45:00','91.63','6.33','NA','26.64','10.67','180.71','88.96','25.30','29.59','4.14','17.43'
'Saturday','July','16','2016','08:15:00','113.36','8.75','NA','21.89','11.47','159.23','84.09','23.74','31.74','2.19','6.57'
'Saturday','July','16','2016','08:15:00','113.36','8.75','NA','21.89','11.47','159.23','84.09','23.74','31.74','2.19','6.57'
'Saturday','July','16','2016','08:15:00','113.36','8.75','NA','21.89','11.47','159.23','84.09','23.74','31.74','2.19','6.57'
'Saturday','July','16','2016','08:15:00','113.36','8.75','NA','21.89','11.47','159.23','84.09','23.74','31.74','2.19','6.57'
'Saturday','July','16','2016','09:30:00','97.79','1.94','NA','17.10','11.14','173.91','118.76','11.93','26.57','17.80','17.66'
'Saturday','July','16','2016','09:30:00','97.79','1.94','NA','17.10','11.14','173.91','118.76','11.93','26.57','17.80','17.66'
'Saturday','July','16','2016','09:45:00','67.15','3.69','NA','22.12','11.03','139.11','106.43','17.54','26.08','5.34','17.66'
'Saturday','July','16','2016','09:45:00','67.15','3.69','NA','22.12','11.03','139.11','106.43','17.54','26.08','5.34','17.66'
'Saturday','July','16','2016','10:30:00','84.39','1.74','NA','12.40','11.79','131.71','82.49','19.35','21.56','9.71','17.66'
'Saturday','July','16','2016','10:30:00','84.39','1.74','NA','12.40','11.79','131.71','82.49','19.35','21.56','9.71','17.66'
'Saturday','July','16','2016','10:45:00','90.72','3.66','NA','22.02','11.77','129.01','105.48','18.87','31.24','8.33','17.66'
'Saturday','July','16','2016','10:45:00','90.72','3.66','NA','22.02','11.77','129.01','105.48','18.87','31.24','8.33','17.66'
'Saturday','July','16','2016','11:30:00','62.29','2.57','NA','19.75','10.93','108.47','95.79','24.17','28.60','5.32','17.66'
'Saturday','July','16','2016','11:30:00','62.29','2.57','NA','19.75','10.93','108.47','95.79','24.17','28.60','5.32','17.66'
'Saturday','July','16','2016','11:45:00','92.61','1.39','NA','24.82','11.61','124.59','81.51','21.82','26.34','9.78','17.66'
'Saturday','July','16','2016','11:45:00','92.61','1.39','NA','24.82','11.61','124.59','81.51','21.82','26.34','9.78','17.66'
'Saturday','July','16','2016','12:30:00','99.63','8.48','NA','19.71','12.43','131.89','84.96','21.65','26.13','6.47','17.66'
'Saturday','July','16','2016','12:30:00','99.63','8.48','NA','19.71','12.43','131.89','84.96','21.65','26.13','6.47','17.66'
'Saturday','July','16','2016','12:45:00','117.05','8.48','NA','18.38','11.02','102.92','61.10','28.11','26.11','8.34','17.66'
'Saturday','July','16','2016','12:45:00','117.05','8.48','NA','18.38','11.02','102.92','61.10','28.11','26.11','8.34','17.66'
'Saturday','July','16','2016','13:30:00','111.42','0.82','NA','20.66','10.02','51.34','32.75','39.57','32.41','5.69','94.92'
'Saturday','July','16','2016','13:30:00','111.42','0.82','NA','20.66','10.02','51.34','32.75','39.57','32.41','5.69','94.92'
'Saturday','July','16','2016','13:45:00','114.61','0.82','NA','19.66','10.88','58.76','71.20','40.47','29.29','5.68','94.92'
'Saturday','July','16','2016','13:45:00','114.61','0.82','NA','19.66','10.88','58.76','71.20','40.47','29.29','5.68','94.92'
'Saturday','July','16','2016','14:30:00','117.67','6.27','NA','21.47','6.98','37.43','43.37','49.77','33.53','10.72','45.73'
'Saturday','July','16','2016','14:30:00','117.67','6.27','NA','21.47','6.98','37.43','43.37','49.77','33.53','10.72','45.73'
'Saturday','July','16','2016','14:45:00','125.40','3.20','NA','20.09','7.87','4.74','30.94','57.84','19.42','10.35','31.62'
'Saturday','July','16','2016','14:45:00','125.40','3.20','NA','20.09','7.87','4.74','30.94','57.84','19.42','10.35','31.62'
'Saturday','July','16','2016','15:15:00','81.64','1.71','NA','17.64','10.00','4.74','12.67','42.99','23.59','8.08','10.56'
'Saturday','July','16','2016','15:15:00','81.64','1.71','NA','17.64','10.00','4.74','12.67','42.99','23.59','8.08','10.56'
'Saturday','July','16','2016','15:45:00','102.32','2.38','NA','14.09','10.54','20.82','37.01','39.15','16.28','7.75','20.25'
'Saturday','July','16','2016','15:45:00','102.32','2.38','NA','14.09','10.54','20.82','37.01','39.15','16.28','7.75','20.25'
'Saturday','July','16','2016','16:30:00','63.77','1.10','NA','3.47','10.65','15.79','35.06','46.27','20.27','8.67','17.70'
'Saturday','July','16','2016','16:30:00','63.77','1.10','NA','3.47','10.65','15.79','35.06','46.27','20.27','8.67','17.70'
'Saturday','July','16','2016','16:45:00','51.81','2.26','NA','6.38','11.47','29.73','32.40','43.43','17.13','11.00','14.93'
'Saturday','July','16','2016','16:45:00','51.81','2.26','NA','6.38','11.47','29.73','32.40','43.43','17.13','11.00','14.93'
'Saturday','July','16','2016','17:30:00','63.75','1.22','NA','8.81','11.41','74.44','47.25','30.16','22.18','12.45','6.31'
'Saturday','July','16','2016','17:30:00','63.75','1.22','NA','8.81','11.41','74.44','47.25','30.16','22.18','12.45','6.31'
'Saturday','July','16','2016','17:30:00','63.75','1.22','NA','8.81','11.41','74.44','47.25','30.16','22.18','12.45','6.31'
