'Tuesday','July','12','2016','12:25:00','26.4','3.0','0.7','42.9','3.9','42.6','36.0','4.4','8.9','7.7','30.6','737','51','50','73','428','-0.1','2.1','284'
'Tuesday','July','12','2016','12:25:00','26.4','3.0','0.7','42.9','3.9','42.6','36.0','4.4','8.9','7.7','30.6','737','51','50','73','428','-0.1','2.1','284'
'Tuesday','July','12','2016','12:25:00','26.4','3.0','0.7','42.9','3.9','42.6','36.0','4.4','8.9','7.7','30.6','737','51','50','73','428','-0.1','2.1','284'
'Tuesday','July','12','2016','12:25:00','26.4','3.0','0.7','42.9','3.9','42.6','36.0','4.4','8.9','7.7','30.6','737','51','50','73','428','-0.1','2.1','284'
'Tuesday','July','12','2016','12:25:00','26.4','3.0','0.7','42.9','3.9','42.6','36.0','4.4','8.9','7.7','30.6','737','51','50','73','428','-0.1','2.1','284'
'Tuesday','July','12','2016','12:25:00','26.4','3.0','0.7','42.9','3.9','42.6','36.0','4.4','8.9','7.7','30.6','737','51','50','73','428','-0.1','2.1','284'
'Tuesday','July','12','2016','12:25:00','26.4','3.0','0.7','42.9','3.9','42.6','36.0','4.4','8.9','7.7','28.6','737','103','74','74','159','-0.2','1.2','218'
'Tuesday','July','12','2016','12:25:00','26.4','3.0','0.7','42.9','3.9','42.6','36.0','4.4','8.9','7.7','28.6','737','103','74','74','159','-0.2','1.2','218'
'Tuesday','July','12','2016','13:15:00','29.6','2.9','0.5','38.4','3.4','38.1','27.0','3.6','10.0','8.4','28.7','737','103','74','74','223','-0.2','1.8','270'
'Tuesday','July','12','2016','13:15:00','29.6','2.9','0.5','38.4','3.4','38.1','27.0','3.6','10.0','8.4','28.7','737','103','74','74','223','-0.2','1.8','270'
'Tuesday','July','12','2016','13:15:00','29.6','2.9','0.5','38.4','3.4','38.1','27.0','3.6','10.0','8.4','29.6','737','103','74','73','343','-0.1','2.2','257'
'Tuesday','July','12','2016','13:15:00','29.6','2.9','0.5','38.4','3.4','38.1','27.0','3.6','10.0','8.4','29.6','737','103','74','73','343','-0.1','2.2','257'
'Tuesday','July','12','2016','13:35:00','35.1','2.2','0.5','37.6','3.1','36.8','47.1','2.7','11.2','8.0','30.3','737','103','74','70','191','-0.1','2.5','273'
'Tuesday','July','12','2016','13:35:00','35.1','2.2','0.5','37.6','3.1','36.8','47.1','2.7','11.2','8.0','30.3','737','103','74','70','191','-0.1','2.5','273'
'Tuesday','July','12','2016','13:45:00','34.4','2.4','0.5','36.6','2.7','35.3','26.8','2.7','9.7','8.2','28.6','737','103','74','71','35','-0.3','1.7','234'
'Tuesday','July','12','2016','14:05:00','27.9','2.9','0.3','34.5','1.3','31.5','23.1','2.6','7.7','10.0','25.7','737','85','34','81','56','-0.3','1.6','298'
'Tuesday','July','12','2016','14:15:00','26.5','2.5','0.3','33.1','1.3','30.4','25.5','2.6','7.7','8.3','25.7','737','85','34','82','57','-0.2','0.9','287'
'Tuesday','July','12','2016','14:20:00','26.3','2.3','0.4','33.9','1.9','31.8','22.7','2.6','8.0','7.5','25.6','737','85','34','83','67','-0.2','1.6','250'
'Tuesday','July','12','2016','14:45:00','23.3','1.5','0.4','36.6','4.2','37.3','22.9','2.6','7.7','5.2','25.7','737','85','34','84','67','-0.2','0.8','255'
'Tuesday','July','12','2016','15:05:00','22.1','3.3','0.3','35.5','7.1','40.4','21.2','3.5','8.9','7.5','26.3','737','22','5','84','389','-0.2','1.8','236'
'Tuesday','July','12','2016','15:15:00','21.7','2.1','0.3','35.1','6.0','38.6','25.7','3.1','7.2','7.5','27.1','737','22','5','82','176','-0.3','1.3','224'
'Tuesday','July','12','2016','15:35:00','19.5','2.4','0.4','34.5','4.3','35.7','32.8','2.6','7.7','6.6','27.7','737','22','5','81','258','-0.2','0.8','256'
'Tuesday','July','12','2016','15:45:00','NA','2.1','NA','NA','NA','NA','34.3','2.5','NA','7.0','28.3','737','22','5','79','402','-0.2','2.6','199'
'Tuesday','July','12','2016','16:05:00','NA','2.4','NA','NA','NA','NA','21.6','2.9','NA','8.1','28.4','737','20','-\t','77','260','-0.2','2.0','209'
'Tuesday','July','12','2016','16:10:00','NA','2.4','NA','NA','NA','NA','21.4','2.9','NA','8.1','28.1','737','20','-\t','77','164','-0.2','0.8','207'
'Tuesday','July','12','2016','16:20:00','NA','2.0','NA','NA','NA','NA','33.6','2.0','NA','6.4','28.4','737','20','-\t','77','339','-0.2','1.2','227'
'Tuesday','July','12','2016','16:40:00','29.7','1.2','0.7','33.1','3.2','32.9','NA','1.2','6.6','4.0','30.0','737','20','-\t','74','273','-0.1','1.8','191'
'Tuesday','July','12','2016','17:05:00','25.3','0.6','0.4','34.3','4.6','35.9','NA','0.8','6.0','2.1','27.9','737','NA','3','75','118','-0.2','1.3','68'
'Tuesday','July','12','2016','17:15:00','22.7','0.7','0.4','41.3','7.1','45.8','NA','1.1','6.6','10.0','27.5','737','NA','NA','75','87','-0.2','1.3','106'
'Tuesday','July','12','2016','17:35:00','20.0','0.6','0.4','39.6','11.5','50.1','NA','1.3','6.9','12.8','27.0','737','NA','3','75','53','-0.2','0.7','208'
'Tuesday','July','12','2016','17:45:00','15.9','0.6','0.5','44.2','18.0','63.0','NA','1.4','6.9','11.4','27.1','737','NA','3','75','45','-0.2','1.1','170'
'Tuesday','July','12','2016','18:05:00','16.9','0.6','0.5','48.5','11.4','57.8','NA','1.8','NA','11.1','26.6','737','1','9','77','39','-0.2','1.4','195'
'Tuesday','July','12','2016','18:05:00','16.9','0.6','0.5','48.5','11.4','57.8','NA','1.8','NA','11.1','26.6','737','1','9','77','39','-0.2','1.4','195'
'Tuesday','July','12','2016','18:30:00','15.7','0.6','0.5','40.5','11.7','51.1','NA','1.8','5.7','15.9','27.0','737','1','9','79','81','-0.2','0.3','176'
'Tuesday','July','12','2016','18:40:00','16.3','0.6','0.5','40.1','11.0','49.8','NA','1.8','5.4','15.8','27.3','737','1','9','78','56','-0.2','0.5','292'
'Tuesday','July','12','2016','19:00:00','16.8','0.5','0.6','41.3','14.9','56.2','NA','1.4','6.6','12.5','26.6','737','56','32','79','28','-0.2','0.3','312'
'Tuesday','July','12','2016','19:10:00','17.7','0.5','0.6','36.8','17.0','55.1','NA','1.4','6.0','12.4','26.4','737','56','32','80','20','-0.2','0.4','300'
'Tuesday','July','12','2016','19:30:00','17.5','0.6','0.8','37.2','23.0','63.7','NA','1.6','6.9','11.0','25.9','737','56','32','82','18','-0.2','0.3','196'
'Tuesday','July','12','2016','19:40:00','19.5','0.6','0.9','37.2','27.6','69.9','NA','1.6','6.0','11.0','25.8','737','56','32','82','18','-0.2','0.3','326'
'Tuesday','July','12','2016','20:00:00','20.7','2.5','1.1','28.3','31.8','67.7','NA','3.7','5.7','12.1','25.5','737','46','23','83','17','-0.2','0.3','289'
'Tuesday','July','12','2016','20:00:00','20.7','2.5','1.1','28.3','31.8','67.7','NA','3.7','5.7','12.1','25.5','737','46','23','84','17','-0.2','0.3','289'
'Tuesday','July','12','2016','20:30:00','28.5','3.1','1.5','30.4','54.7','100.8','NA','5.4','6.9','12.8','25.4','737','46','23','84','16','-0.2','0.3','304'
'Tuesday','July','12','2016','20:40:00','27.7','3.2','1.7','31.8','57.6','106.1','NA','5.5','7.4','12.9','25.3','737','46','23','85','17','-0.2','0.3','304'
'Tuesday','July','12','2016','21:00:00','29.9','5.3','2.0','36.6','56.1','108.3','NA','10.0','8.6','18.1','25.3','737','64','23','85','17','-0.2','0.3','304'
'Tuesday','July','12','2016','21:00:00','29.9','5.3','2.0','36.6','56.1','108.3','NA','10.0','8.6','18.1','25.3','737','64','23','85','17','-0.2','0.3','308'
'Tuesday','July','12','2016','21:30:00','44.8','5.3','2.1','31.6','66.6','118.2','NA','11.4','8.3','18.1','25.2','737','NA','23','86','18','-0.2','0.3','307'
'Tuesday','July','12','2016','21:30:00','44.8','5.3','2.1','31.6','66.6','118.2','NA','11.4','8.3','18.1','25.1','737','64','23','86','17','-0.2','0.3','301'
'Tuesday','July','12','2016','21:30:00','44.8','5.3','2.1','31.6','66.6','118.2','NA','11.4','8.3','18.1','25.1','737','64','23','86','17','-0.2','0.3','296'
'Tuesday','July','12','2016','21:30:00','44.8','5.3','2.1','31.6','66.6','118.2','NA','11.4','8.3','18.1','25.1','737','64','23','86','17','-0.2','0.3','296'
'Tuesday','July','12','2016','21:30:00','44.8','5.3','2.1','31.6','66.6','118.2','NA','11.4','8.3','18.1','25.1','737','64','23','86','17','-0.2','0.3','296'
'Tuesday','July','12','2016','21:30:00','44.8','5.3','2.1','31.6','66.6','118.2','NA','11.4','8.3','18.1','25.1','737','64','23','86','17','-0.2','0.3','296'
'Tuesday','July','12','2016','21:30:00','44.8','5.3','2.1','31.6','66.6','118.2','NA','11.4','8.3','18.1','25.1','737','64','23','86','17','-0.2','0.3','296'
'Tuesday','July','12','2016','21:30:00','44.8','5.3','2.1','31.6','66.6','118.2','NA','11.4','8.3','18.1','25.1','737','64','23','86','17','-0.2','0.3','296'
'Tuesday','July','12','2016','23:30:00','37.5','5.8','2.7','17.9','116.6','174.2','NA','14.5','10.3','22.2','25.0','737','83','25','87','17','-0.2','0.3','299'
'Tuesday','July','12','2016','23:40:00','37.6','5.8','2.7','16.2','120.3','177.9','NA','14.5','9.7','22.2','25.0','737','83','25','87','17','-0.2','0.3','300'
'Wednesday','July','13','2016','00:00:00','35.4','6.2','2.0','23.8','126.6','193.4','NA','14.9','NA','23.5','25.0','737','92','39','88','17','-0.2','0.3','311'
'Wednesday','July','13','2016','00:00:00','35.4','6.2','2.0','23.8','126.6','193.4','NA','14.9','NA','23.5','25.0','737','92','39','88','17','-0.2','0.3','311'
'Wednesday','July','13','2016','00:00:00','35.4','6.2','2.0','23.8','126.6','193.4','NA','14.9','NA','23.5','25.0','737','92','39','88','17','-0.2','0.3','311'
'Wednesday','July','13','2016','00:00:00','35.4','6.2','2.0','23.8','126.6','193.4','NA','14.9','NA','23.5','25.0','737','92','39','88','17','-0.2','0.3','311'
'Wednesday','July','13','2016','00:00:00','35.4','6.2','2.0','23.8','126.6','193.4','NA','14.9','NA','23.5','25.0','737','92','39','88','17','-0.2','0.3','311'
'Wednesday','July','13','2016','00:00:00','35.4','6.2','2.0','23.8','126.6','193.4','NA','14.9','NA','23.5','25.0','737','92','39','88','17','-0.2','0.3','311'
'Wednesday','July','13','2016','00:00:00','35.4','6.2','2.0','23.8','126.6','193.4','NA','14.9','NA','23.5','25.0','737','92','39','88','17','-0.2','0.3','311'
'Wednesday','July','13','2016','00:00:00','35.4','6.2','2.0','23.8','126.6','193.4','NA','14.9','NA','23.5','25.0','737','92','39','88','17','-0.2','0.3','311'
'Wednesday','July','13','2016','00:00:00','35.4','6.2','2.0','23.8','126.6','193.4','NA','14.9','NA','23.5','25.0','737','92','39','88','17','-0.2','0.3','311'
'Wednesday','July','13','2016','00:00:00','35.4','6.2','2.0','23.8','126.6','193.4','NA','14.9','NA','23.5','25.0','737','92','39','88','17','-0.2','0.3','311'
'Wednesday','July','13','2016','00:00:00','35.4','6.2','2.0','23.8','126.6','193.4','NA','14.9','NA','23.5','25.0','737','92','39','88','17','-0.2','0.3','311'
'Wednesday','July','13','2016','00:00:00','35.4','6.2','2.0','23.8','126.6','193.4','NA','14.9','NA','23.5','25.0','737','92','39','88','17','-0.2','0.3','311'
'Wednesday','July','13','2016','00:00:00','35.4','6.2','2.0','23.8','126.6','193.4','NA','14.9','NA','23.5','25.0','737','92','39','88','17','-0.2','0.3','311'
'Wednesday','July','13','2016','00:00:00','35.4','6.2','2.0','23.8','126.6','193.4','NA','14.9','NA','23.5','25.0','737','92','39','88','17','-0.2','0.3','311'
'Wednesday','July','13','2016','00:00:00','35.4','6.2','2.0','23.8','126.6','193.4','NA','14.9','NA','23.5','25.0','737','92','39','88','17','-0.2','0.3','311'
'Wednesday','July','13','2016','00:00:00','35.4','6.2','2.0','23.8','126.6','193.4','NA','14.9','NA','23.5','25.0','737','92','39','88','17','-0.2','0.3','311'
'Wednesday','July','13','2016','00:00:00','35.4','6.2','2.0','23.8','126.6','193.4','NA','14.9','NA','23.5','25.0','737','92','39','88','17','-0.2','0.3','311'
'Wednesday','July','13','2016','00:00:00','35.4','6.2','2.0','23.8','126.6','193.4','NA','14.9','NA','23.5','25.0','737','92','39','88','17','-0.2','0.3','311'
'Wednesday','July','13','2016','00:00:00','35.4','6.2','2.0','23.8','126.6','193.4','NA','14.9','NA','23.5','25.0','737','92','39','88','17','-0.2','0.3','311'
'Wednesday','July','13','2016','00:00:00','35.4','6.2','2.0','23.8','126.6','193.4','NA','14.9','NA','23.5','25.0','737','92','39','88','17','-0.2','0.3','311'
'Wednesday','July','13','2016','00:00:00','35.4','6.2','2.0','23.8','126.6','193.4','NA','14.9','NA','23.5','25.0','737','92','39','88','17','-0.2','0.3','311'
'Wednesday','July','13','2016','00:00:00','35.4','6.2','2.0','23.8','126.6','193.4','NA','14.9','NA','23.5','25.0','737','92','39','88','17','-0.2','0.3','311'
'Wednesday','July','13','2016','00:00:00','35.4','6.2','2.0','23.8','126.6','193.4','NA','14.9','NA','23.5','25.0','737','92','39','88','17','-0.2','0.3','311'
'Wednesday','July','13','2016','00:00:00','35.4','6.2','2.0','23.8','126.6','193.4','NA','14.9','NA','23.5','25.0','737','92','39','88','17','-0.2','0.3','311'
'Wednesday','July','13','2016','00:00:00','35.4','6.2','2.0','23.8','126.6','193.4','NA','14.9','NA','23.5','25.0','737','92','39','88','17','-0.2','0.3','311'
'Wednesday','July','13','2016','00:00:00','35.4','6.2','2.0','23.8','126.6','193.4','NA','14.9','NA','23.5','25.0','737','92','39','88','17','-0.2','0.3','311'
'Wednesday','July','13','2016','00:00:00','35.4','6.2','2.0','23.8','126.6','193.4','NA','14.9','NA','23.5','25.0','737','92','39','88','17','-0.2','0.3','311'
'Wednesday','July','13','2016','00:00:00','35.4','6.2','2.0','23.8','126.6','193.4','NA','14.9','NA','23.5','25.0','737','92','39','88','17','-0.2','0.3','311'
'Wednesday','July','13','2016','00:00:00','35.4','6.2','2.0','23.8','126.6','193.4','NA','14.9','NA','23.5','25.0','737','92','39','88','17','-0.2','0.3','311'
'Wednesday','July','13','2016','00:00:00','35.4','6.2','2.0','23.8','126.6','193.4','NA','14.9','NA','23.5','25.0','737','92','39','88','17','-0.2','0.3','311'
'Wednesday','July','13','2016','00:00:00','35.4','6.2','2.0','23.8','126.6','193.4','NA','14.9','NA','23.5','25.0','737','92','39','88','17','-0.2','0.3','311'
'Wednesday','July','13','2016','00:00:00','35.4','6.2','2.0','23.8','126.6','193.4','NA','14.9','NA','23.5','25.0','737','92','39','88','17','-0.2','0.3','311'
'Wednesday','July','13','2016','08:05:00','32.6','1.1','0.3','33.9','11.3','44.7','7.7','1.7','10.9','4.7','29.1','737','67','27','75','321','-0.1','2.6','114'
'Wednesday','July','13','2016','08:05:00','32.6','1.1','0.3','33.9','11.3','44.7','7.7','1.7','10.9','4.7','29.1','737','67','27','75','321','-0.1','2.6','114'
'Wednesday','July','13','2016','08:30:00','27.6','0.8','0.3','35.9','11.1','46.3','6.0','1.4','9.4','3.6','30.3','737','67','27','71','330','-0.1','2.6','128'
'Wednesday','July','13','2016','08:30:00','27.6','0.8','0.3','35.9','11.1','46.3','6.0','1.4','9.4','3.6','30.3','737','67','27','71','330','-0.1','2.6','128'
'Wednesday','July','13','2016','09:05:00','23.7','0.7','0.2','24.9','4.4','27.3','NA','1.2','8.6','3.1','30.2','737','48','30','70','317','-0.2','2.9','111'
'Wednesday','July','13','2016','09:05:00','23.7','0.7','0.2','24.9','4.4','27.3','NA','1.2','8.6','3.1','30.2','737','48','30','70','317','-0.2','2.9','111'
'Wednesday','July','13','2016','09:05:00','23.7','0.7','0.2','24.9','4.4','27.3','NA','1.2','8.6','3.1','30.0','737','NA','30','70','168','-0.2','2.2','129'
'Wednesday','July','13','2016','09:05:00','23.7','0.7','0.2','24.9','4.4','27.3','NA','1.2','8.6','3.1','29.8','737','48','30','69','294','-0.1','2.7','114'
'Wednesday','July','13','2016','09:05:00','23.7','0.7','0.2','24.9','4.4','27.3','NA','1.2','8.6','3.1','31.1','736','48','NA','67','412','-0.1','2.0','150'
'Wednesday','July','13','2016','09:05:00','23.7','0.7','0.2','24.9','4.4','27.3','NA','1.2','8.6','3.1','31.1','736','48','NA','67','412','-0.1','2.0','150'
'Wednesday','July','13','2016','09:05:00','23.7','0.7','0.2','24.9','4.4','27.3','NA','1.2','8.6','3.1','31.1','736','48','NA','67','412','-0.1','2.0','150'
'Wednesday','July','13','2016','09:05:00','23.7','0.7','0.2','24.9','4.4','27.3','NA','1.2','8.6','3.1','31.1','736','48','NA','67','412','-0.1','2.0','150'
'Wednesday','July','13','2016','09:05:00','23.7','0.7','0.2','24.9','4.4','27.3','NA','1.2','8.6','3.1','31.1','736','48','NA','67','412','-0.1','2.0','150'
'Wednesday','July','13','2016','09:05:00','23.7','0.7','0.2','24.9','4.4','27.3','NA','1.2','8.6','3.1','31.1','736','48','NA','67','412','-0.1','2.0','150'
'Wednesday','July','13','2016','11:35:00','16.0','0.5','0.0','28.6','4.2','30.2','13.3','0.5','6.3','1.0','30.8','736','39','10','64','146','-0.2','1.2','118'
'Wednesday','July','13','2016','11:35:00','16.0','0.5','0.0','28.6','4.2','30.2','13.3','0.5','6.3','1.0','30.8','736','39','10','64','146','-0.2','1.2','118'
'Wednesday','July','13','2016','12:05:00','16.2','0.5','0.4','31.0','3.2','31.1','10.1','0.9','5.7','1.2','30.0','736','58','24','67','93','-0.2','2.0','100'
'Wednesday','July','13','2016','12:05:00','16.2','0.5','0.4','31.0','3.2','31.1','10.1','0.9','5.7','1.2','30.0','736','58','24','67','93','-0.2','2.0','100'
'Wednesday','July','13','2016','12:35:00','22.2','0.7','0.5','35.1','5.2','37.5','7.5','1.0','6.6','1.7','29.1','737','58','24','70','95','-0.2','1.4','140'
'Wednesday','July','13','2016','12:35:00','22.2','0.7','0.5','35.1','5.2','37.5','7.5','1.0','6.6','1.7','29.1','737','58','24','70','95','-0.2','1.4','140'
'Wednesday','July','13','2016','13:05:00','24.5','0.8','0.7','38.0','6.3','41.5','9.0','1.2','6.3','2.0','29.3','737','41','42','72','139','-0.1','1.9','113'
'Wednesday','July','13','2016','13:05:00','24.5','0.8','0.7','38.0','6.3','41.5','9.0','1.2','6.3','2.0','29.3','737','41','42','72','139','-0.1','1.9','113'
'Wednesday','July','13','2016','13:05:00','24.5','0.8','0.7','38.0','6.3','41.5','9.0','1.2','6.3','2.0','29.3','737','41','42','72','139','-0.1','1.9','113'
'Wednesday','July','13','2016','13:05:00','24.5','0.8','0.7','38.0','6.3','41.5','9.0','1.2','6.3','2.0','29.3','737','41','42','72','139','-0.1','1.9','113'
'Wednesday','July','13','2016','14:05:00','33.2','2.5','NA','56.5','10.2','63.3','7.7','3.6','7.4','5.3','33.4','736','52','-\t','63','427','-0.2','1.8','172'
'Wednesday','July','13','2016','14:05:00','33.2','2.5','NA','56.5','10.2','63.3','7.7','3.6','7.4','5.3','33.4','736','52','-\t','63','427','-0.2','1.8','172'
'Wednesday','July','13','2016','14:35:00','28.2','2.1','0.6','45.2','4.8','45.9','16.3','3.1','8.3','5.1','33.3','736','52','-\t','59','358','-0.2','1.9','176'
'Wednesday','July','13','2016','14:35:00','28.2','2.1','0.6','45.2','4.8','45.9','16.3','3.1','8.3','5.1','33.3','736','52','-\t','59','358','-0.2','1.9','176'
'Wednesday','July','13','2016','15:05:00','35.0','1.4','0.3','23.4','2.8','23.8','55.5','2.2','7.4','4.7','35.6','736','61','3','53','386','-0.2','1.3','170'
'Wednesday','July','13','2016','15:05:00','35.0','1.4','0.3','23.4','2.8','23.8','55.5','2.2','7.4','4.7','35.6','736','61','3','53','386','-0.2','1.3','170'
'Wednesday','July','13','2016','15:35:00','32.1','0.8','0.1','25.1','2.8','25.3','51.2','1.0','8.0','2.5','35.8','736','61','3','50','266','-0.2','3.0','112'
'Wednesday','July','13','2016','15:35:00','32.1','0.8','0.1','25.1','2.8','25.3','51.2','1.0','8.0','2.5','35.8','736','61','3','50','266','-0.2','3.0','112'
'Wednesday','July','13','2016','16:05:00','27.6','0.8','0.5','32.7','3.2','32.6','20.1','0.9','6.6','2.9','30.0','736','31','8','64','141','-0.1','2.1','154'
'Wednesday','July','13','2016','16:05:00','27.6','0.8','0.5','32.7','3.2','32.6','20.1','0.9','6.6','2.9','30.0','736','31','8','64','141','-0.1','2.1','154'
'Wednesday','July','13','2016','16:40:00','20.9','0.4','0.7','26.1','1.9','24.9','21.6','0.8','5.4','1.8','29.8','736','31','8','68','146','-0.2','1.5','190'
'Wednesday','July','13','2016','16:40:00','20.9','0.4','0.7','26.1','1.9','24.9','21.6','0.8','5.4','1.8','29.8','736','31','8','68','146','-0.2','1.5','190'
'Wednesday','July','13','2016','17:05:00','19.4','0.3','0.7','46.2','5.6','47.9','12.4','0.3','5.7','0.9','29.7','736','39','11','69','63','-0.3','2.6','190'
'Wednesday','July','13','2016','17:05:00','19.4','0.3','0.7','46.2','5.6','47.9','12.4','0.3','5.7','0.9','29.7','736','39','11','69','63','-0.3','2.6','190'
'Wednesday','July','13','2016','17:35:00','17.9','0.6','0.5','22.2','1.9','21.4','11.8','1.4','5.1','2.4','25.6','737','39','11','79','28','-0.2','2.3','244'
'Wednesday','July','13','2016','17:35:00','17.9','0.6','0.5','22.2','1.9','21.4','11.8','1.4','5.1','2.4','25.6','737','39','11','79','28','-0.2','2.3','244'
'Wednesday','July','13','2016','18:05:00','19.1','0.2','0.4','19.9','2.7','20.5','5.4','0.4','6.3','0.9','25.8','737','-\t','6','80','32','-0.2','2.4','280'
'Wednesday','July','13','2016','18:05:00','19.1','0.2','0.4','19.9','2.7','20.5','5.4','0.4','6.3','0.9','25.8','737','-\t','6','80','32','-0.2','2.4','280'
'Wednesday','July','13','2016','18:35:00','17.8','0.6','0.5','25.3','2.3','24.7','6.0','0.8','6.6','2.2','26.1','737','-\t','6','78','33','-0.2','0.7','293'
'Wednesday','July','13','2016','18:35:00','17.8','0.6','0.5','25.3','2.3','24.7','6.0','0.8','6.6','2.2','26.1','737','-\t','6','78','33','-0.2','0.7','293'
'Wednesday','July','13','2016','19:05:00','17.6','1.7','0.6','33.1','1.7','30.9','6.0','1.8','6.9','5.0','26.3','737','20','5','78','27','-0.2','0.6','179'
'Wednesday','July','13','2016','19:05:00','17.6','1.7','0.6','33.1','1.7','30.9','6.0','1.8','6.9','5.0','26.3','737','20','5','78','27','-0.2','0.6','179'
'Wednesday','July','13','2016','19:35:00','18.3','3.4','0.8','43.1','3.6','42.5','7.1','3.0','6.6','8.8','26.2','737','20','5','79','19','-0.2','0.3','332'
'Wednesday','July','13','2016','19:35:00','18.3','3.4','0.8','43.1','3.6','42.5','7.1','3.0','6.6','8.8','26.2','737','20','5','79','19','-0.2','0.3','332'
'Wednesday','July','13','2016','19:35:00','18.3','3.4','0.8','43.1','3.6','42.5','7.1','3.0','6.6','8.8','26.1','737','20','5','79','17','-0.2','0.3','333'
'Wednesday','July','13','2016','19:35:00','18.3','3.4','0.8','43.1','3.6','42.5','7.1','3.0','6.6','8.8','26.1','737','20','5','79','17','-0.2','0.3','333'
'Wednesday','July','13','2016','19:35:00','18.3','3.4','0.8','43.1','3.6','42.5','7.1','3.0','6.6','8.8','26.1','737','20','5','79','17','-0.2','0.3','333'
'Wednesday','July','13','2016','19:35:00','18.3','3.4','0.8','43.1','3.6','42.5','7.1','3.0','6.6','8.8','26.1','737','20','5','79','17','-0.2','0.3','333'
'Wednesday','July','13','2016','19:35:00','18.3','3.4','0.8','43.1','3.6','42.5','7.1','3.0','6.6','8.8','26.1','737','20','5','79','17','-0.2','0.3','333'
'Wednesday','July','13','2016','19:35:00','18.3','3.4','0.8','43.1','3.6','42.5','7.1','3.0','6.6','8.8','26.1','737','20','5','79','17','-0.2','0.3','333'
'Wednesday','July','13','2016','19:35:00','18.3','3.4','0.8','43.1','3.6','42.5','7.1','3.0','6.6','8.8','26.1','737','20','5','79','17','-0.2','0.3','333'
'Wednesday','July','13','2016','19:35:00','18.3','3.4','0.8','43.1','3.6','42.5','7.1','3.0','6.6','8.8','26.1','737','20','5','79','17','-0.2','0.3','333'
'Wednesday','July','13','2016','19:35:00','18.3','3.4','0.8','43.1','3.6','42.5','7.1','3.0','6.6','8.8','26.1','737','20','5','79','17','-0.2','0.3','333'
'Wednesday','July','13','2016','19:35:00','18.3','3.4','0.8','43.1','3.6','42.5','7.1','3.0','6.6','8.8','26.1','737','20','5','79','17','-0.2','0.3','333'
'Wednesday','July','13','2016','19:35:00','18.3','3.4','0.8','43.1','3.6','42.5','7.1','3.0','6.6','8.8','26.1','737','20','5','79','17','-0.2','0.3','333'
'Wednesday','July','13','2016','19:35:00','18.3','3.4','0.8','43.1','3.6','42.5','7.1','3.0','6.6','8.8','26.1','737','20','5','79','17','-0.2','0.3','333'
'Wednesday','July','13','2016','19:35:00','18.3','3.4','0.8','43.1','3.6','42.5','7.1','3.0','6.6','8.8','26.1','737','20','5','79','17','-0.2','0.3','333'
'Wednesday','July','13','2016','19:35:00','18.3','3.4','0.8','43.1','3.6','42.5','7.1','3.0','6.6','8.8','26.1','737','20','5','79','17','-0.2','0.3','333'
'Wednesday','July','13','2016','19:35:00','18.3','3.4','0.8','43.1','3.6','42.5','7.1','3.0','6.6','8.8','26.1','737','20','5','79','17','-0.2','0.3','333'
'Wednesday','July','13','2016','19:35:00','18.3','3.4','0.8','43.1','3.6','42.5','7.1','3.0','6.6','8.8','26.1','737','20','5','79','17','-0.2','0.3','333'
'Thursday','July','14','2016','00:00:00','32.5','3.3','1.5','36.2','113.9','187.0','6.6','7.3','NA','9.7','25.2','737','57','20','86','16','-0.2','0.3','300'
'Thursday','July','14','2016','00:00:00','32.5','3.3','1.5','36.2','113.9','187.0','6.6','7.3','NA','9.7','25.2','737','57','20','86','16','-0.2','0.3','300'
'Thursday','July','14','2016','00:35:00','29.6','3.3','1.4','25.1','126.6','194.3','6.2','8.3','5.7','9.8','25.0','737','57','20','86','17','-0.2','0.3','279'
'Thursday','July','14','2016','00:35:00','29.6','3.3','1.4','25.1','126.6','194.3','6.2','8.3','5.7','9.8','25.0','737','57','20','86','17','-0.2','0.3','279'
'Thursday','July','14','2016','00:55:00','29.3','3.3','1.4','25.5','125.6','193.2','7.3','8.2','5.4','9.7','25.1','737','57','20','87','17','-0.2','0.3','279'
'Thursday','July','14','2016','01:05:00','30.1','3.2','1.4','24.0','125.2','191.4','7.1','8.1','5.4','9.6','25.0','737','63','25','87','17','-0.2','0.3','313'
'Thursday','July','14','2016','01:35:00','23.0','3.0','1.2','24.0','118.9','182.8','6.6','7.7','5.4','9.2','25.0','737','63','25','87','17','-0.2','0.3','319'
'Thursday','July','14','2016','01:35:00','23.0','3.0','1.2','24.0','118.9','182.8','6.6','7.7','5.4','9.2','25.0','737','63','25','87','17','-0.2','0.3','319'
'Thursday','July','14','2016','02:05:00','22.6','2.8','1.2','21.4','120.6','182.8','7.9','7.2','6.0','8.7','25.3','737','42','32','87','16','-0.2','0.3','319'
'Thursday','July','14','2016','02:05:00','22.6','2.8','1.2','21.4','120.6','182.8','7.9','7.2','6.0','8.7','25.3','737','42','32','87','16','-0.2','0.3','319'
'Thursday','July','14','2016','02:35:00','20.4','2.8','1.3','24.9','126.8','194.5','6.6','7.2','4.9','8.9','25.3','737','42','32','87','17','-0.2','0.3','319'
'Thursday','July','14','2016','02:35:00','20.4','2.8','1.3','24.9','126.8','194.5','6.6','7.2','4.9','8.9','25.3','737','42','32','87','17','-0.2','0.3','319'
'Thursday','July','14','2016','03:05:00','19.0','3.0','1.5','24.4','131.1','200.0','7.5','7.8','5.7','9.5','25.2','737','72','45','87','16','-0.2','0.3','319'
'Thursday','July','14','2016','03:05:00','19.0','3.0','1.5','24.4','131.1','200.0','7.5','7.8','5.7','9.5','25.2','737','72','45','87','16','-0.2','0.3','319'
'Thursday','July','14','2016','03:35:00','20.6','3.0','1.4','18.1','130.5','193.4','6.0','8.1','5.7','10.2','25.1','737','72','45','88','17','-0.2','0.3','210'
'Thursday','July','14','2016','03:35:00','20.6','3.0','1.4','18.1','130.5','193.4','6.0','8.1','5.7','10.2','25.1','737','72','45','88','17','-0.2','0.3','210'
'Thursday','July','14','2016','04:05:00','21.1','3.0','1.3','21.8','123.0','186.5','10.7','8.1','6.3','10.2','25.2','737','67','NA','88','16','-0.2','0.3','216'
'Thursday','July','14','2016','04:05:00','21.1','3.0','1.3','21.8','123.0','186.5','10.7','8.1','6.3','10.2','25.2','737','67','NA','88','16','-0.2','0.3','216'
'Thursday','July','14','2016','04:35:00','28.1','2.9','1.2','21.4','114.4','174.4','4.9','7.9','5.4','10.4','25.3','737','67','30','88','17','-0.2','0.3','238'
'Thursday','July','14','2016','04:35:00','28.1','2.9','1.2','21.4','114.4','174.4','4.9','7.9','5.4','10.4','25.3','737','67','30','88','17','-0.2','0.3','238'
'Thursday','July','14','2016','04:55:00','34.2','2.9','1.0','30.0','99.6','162.0','6.4','7.8','5.1','11.0','25.5','737','67','30','88','17','-0.2','0.3','137'
'Thursday','July','14','2016','04:55:00','34.2','2.9','1.0','30.0','99.6','162.0','6.4','7.8','5.1','11.0','25.5','737','67','30','88','17','-0.2','0.3','137'
'Thursday','July','14','2016','05:35:00','46.1','2.2','0.5','34.9','44.8','91.3','6.0','5.6','4.9','9.5','26.1','737','97','38','88','17','-0.2','1.4','99'
'Thursday','July','14','2016','05:35:00','46.1','2.2','0.5','34.9','44.8','91.3','6.0','5.6','4.9','9.5','26.1','737','97','38','88','17','-0.2','1.4','99'
'Thursday','July','14','2016','06:05:00','42.9','1.7','0.6','35.9','21.7','60.8','6.0','3.9','4.3','7.6','26.6','737','97','36','86','24','-0.2','1.2','99'
'Thursday','July','14','2016','06:05:00','42.9','1.7','0.6','35.9','21.7','60.8','6.0','3.9','4.3','7.6','26.6','737','97','36','86','24','-0.2','1.2','99'
'Thursday','July','14','2016','06:05:00','42.9','1.7','0.6','35.9','21.7','60.8','6.0','3.9','4.3','7.6','26.7','737','97','36','86','27','-0.2','2.0','114'
'Thursday','July','14','2016','06:05:00','42.9','1.7','0.6','35.9','21.7','60.8','6.0','3.9','4.3','7.6','26.7','737','97','36','86','27','-0.2','2.0','114'
'Thursday','July','14','2016','07:00:00','40.4','1.0','0.4','35.9','18.9','56.9','6.0','1.9','6.6','4.6','27.1','737','85','24','84','92','-0.1','2.1','140'
'Thursday','July','14','2016','07:00:00','40.4','1.0','0.4','35.9','18.9','56.9','6.0','1.9','6.6','4.6','27.1','737','85','24','84','92','-0.1','2.1','140'
'Thursday','July','14','2016','07:00:00','40.4','1.0','0.4','35.9','18.9','56.9','6.0','1.9','6.6','4.6','27.5','737','85','24','84','129','-0.2','0.8','137'
'Thursday','July','14','2016','07:00:00','40.4','1.0','0.4','35.9','18.9','56.9','6.0','1.9','6.6','4.6','27.5','737','85','24','84','129','-0.2','0.8','137'
'Thursday','July','14','2016','07:00:00','40.4','1.0','0.4','35.9','18.9','56.9','6.0','1.9','6.6','4.6','27.5','737','85','24','84','129','-0.2','0.8','137'
'Thursday','July','14','2016','07:00:00','40.4','1.0','0.4','35.9','18.9','56.9','6.0','1.9','6.6','4.6','27.5','737','85','24','84','129','-0.2','0.8','137'
'Thursday','July','14','2016','07:00:00','40.4','1.0','0.4','35.9','18.9','56.9','6.0','1.9','6.6','4.6','27.5','737','85','24','84','129','-0.2','0.8','137'
'Thursday','July','14','2016','07:00:00','40.4','1.0','0.4','35.9','18.9','56.9','6.0','1.9','6.6','4.6','27.5','737','85','24','84','129','-0.2','0.8','137'
'Thursday','July','14','2016','07:00:00','40.4','1.0','0.4','35.9','18.9','56.9','6.0','1.9','6.6','4.6','27.5','737','85','24','84','129','-0.2','0.8','137'
'Thursday','July','14','2016','07:00:00','40.4','1.0','0.4','35.9','18.9','56.9','6.0','1.9','6.6','4.6','27.5','737','85','24','84','129','-0.2','0.8','137'
'Thursday','July','14','2016','07:00:00','40.4','1.0','0.4','35.9','18.9','56.9','6.0','1.9','6.6','4.6','27.5','737','85','24','84','129','-0.2','0.8','137'
'Thursday','July','14','2016','07:00:00','40.4','1.0','0.4','35.9','18.9','56.9','6.0','1.9','6.6','4.6','27.5','737','85','24','84','129','-0.2','0.8','137'
'Thursday','July','14','2016','07:00:00','40.4','1.0','0.4','35.9','18.9','56.9','6.0','1.9','6.6','4.6','27.5','737','85','24','84','129','-0.2','0.8','137'
'Thursday','July','14','2016','07:00:00','40.4','1.0','0.4','35.9','18.9','56.9','6.0','1.9','6.6','4.6','27.5','737','85','24','84','129','-0.2','0.8','137'
'Thursday','July','14','2016','07:00:00','40.4','1.0','0.4','35.9','18.9','56.9','6.0','1.9','6.6','4.6','27.5','737','85','24','84','129','-0.2','0.8','137'
'Thursday','July','14','2016','07:00:00','40.4','1.0','0.4','35.9','18.9','56.9','6.0','1.9','6.6','4.6','27.5','737','85','24','84','129','-0.2','0.8','137'
'Thursday','July','14','2016','07:00:00','40.4','1.0','0.4','35.9','18.9','56.9','6.0','1.9','6.6','4.6','27.5','737','85','24','84','129','-0.2','0.8','137'
'Thursday','July','14','2016','07:00:00','40.4','1.0','0.4','35.9','18.9','56.9','6.0','1.9','6.6','4.6','27.5','737','85','24','84','129','-0.2','0.8','137'
'Thursday','July','14','2016','07:00:00','40.4','1.0','0.4','35.9','18.9','56.9','6.0','1.9','6.6','4.6','27.5','737','85','24','84','129','-0.2','0.8','137'
'Thursday','July','14','2016','07:00:00','40.4','1.0','0.4','35.9','18.9','56.9','6.0','1.9','6.6','4.6','27.5','737','85','24','84','129','-0.2','0.8','137'
'Thursday','July','14','2016','07:00:00','40.4','1.0','0.4','35.9','18.9','56.9','6.0','1.9','6.6','4.6','27.5','737','85','24','84','129','-0.2','0.8','137'
'Thursday','July','14','2016','07:00:00','40.4','1.0','0.4','35.9','18.9','56.9','6.0','1.9','6.6','4.6','27.5','737','85','24','84','129','-0.2','0.8','137'
'Thursday','July','14','2016','07:00:00','40.4','1.0','0.4','35.9','18.9','56.9','6.0','1.9','6.6','4.6','27.5','737','85','24','84','129','-0.2','0.8','137'
'Thursday','July','14','2016','12:35:00','24.9','0.4','0.6','27.5','3.4','28.2','7.5','0.4','5.4','0.9','34.9','736','53','17','57','404','-0.2','1.9','146'
'Thursday','July','14','2016','13:05:00','30.2','0.7','0.6','28.1','3.1','28.4','8.6','0.7','5.7','1.4','34.2','736','56','44','56','388','-0.2','1.4','71'
'Thursday','July','14','2016','13:05:00','30.2','0.7','0.6','28.1','3.1','28.4','8.6','0.7','5.7','1.4','34.2','736','56','44','56','388','-0.2','1.4','71'
'Thursday','July','14','2016','13:35:00','33.1','0.8','0.6','29.2','2.8','28.9','11.6','0.7','5.4','1.6','34.9','736','56','44','54','377','-0.2','1.3','193'
'Thursday','July','14','2016','13:35:00','33.1','0.8','0.6','29.2','2.8','28.9','11.6','0.7','5.4','1.6','36.2','736','56','44','52','398','-0.3','0.9','189'
'Thursday','July','14','2016','13:50:00','33.3','0.8','0.6','28.6','2.9','28.5','10.3','0.6','5.4','1.6','35.9','736','56','44','50','293','-0.2','1.0','223'
'Thursday','July','14','2016','13:50:00','33.3','0.8','0.6','28.6','2.9','28.5','10.3','0.6','5.4','1.6','35.9','736','56','44','50','293','-0.2','1.0','223'
'Thursday','July','14','2016','13:50:00','33.3','0.8','0.6','28.6','2.9','28.5','10.3','0.6','5.4','1.6','35.9','736','56','44','50','293','-0.2','1.0','223'
'Thursday','July','14','2016','13:50:00','33.3','0.8','0.6','28.6','2.9','28.5','10.3','0.6','5.4','1.6','35.9','736','56','44','50','293','-0.2','1.0','223'
'Thursday','July','14','2016','13:50:00','33.3','0.8','0.6','28.6','2.9','28.5','10.3','0.6','5.4','1.6','35.9','736','56','44','50','293','-0.2','1.0','223'
'Thursday','July','14','2016','13:50:00','33.3','0.8','0.6','28.6','2.9','28.5','10.3','0.6','5.4','1.6','35.9','736','56','44','50','293','-0.2','1.0','223'
'Thursday','July','14','2016','15:30:00','36.0','1.3','0.7','31.6','1.5','29.3','10.1','1.2','6.9','3.7','28.1','737','74','52','75','42','-0.2','1.0','164'
'Thursday','July','14','2016','15:30:00','36.0','1.3','0.7','31.6','1.5','29.3','10.1','1.2','6.9','3.7','28.1','737','74','52','75','42','-0.2','1.0','164'
'Thursday','July','14','2016','16:05:00','34.4','1.5','0.8','44.0','2.5','41.7','8.6','1.4','4.9','4.3','28.4','737','66','48','77','70','-0.2','1.3','195'
'Thursday','July','14','2016','16:05:00','34.4','1.5','0.8','44.0','2.5','41.7','8.6','1.4','4.9','4.3','28.4','737','66','48','77','70','-0.2','1.3','195'
'Thursday','July','14','2016','16:25:00','26.4','2.2','0.7','37.2','1.1','33.7','8.6','2.0','4.9','5.2','28.0','737','66','48','76','46','-0.3','1.4','302'
'Thursday','July','14','2016','16:25:00','26.4','2.2','0.7','37.2','1.1','33.7','8.6','2.0','4.9','5.2','27.8','737','66','48','77','24','-0.3','1.9','227'
'Thursday','July','14','2016','17:05:00','25.9','2.0','0.5','18.7','1.1','17.2','10.3','2.1','5.4','5.5','24.0','737','45','42','82','29','-0.2','2.0','243'
'Thursday','July','14','2016','17:05:00','25.9','2.0','0.5','18.7','1.1','17.2','10.3','2.1','5.4','5.5','24.0','737','45','42','82','29','-0.2','2.0','243'
'Thursday','July','14','2016','17:30:00','19.2','1.6','0.5','40.9','2.3','38.6','11.1','1.0','5.4','4.2','24.2','737','45','42','84','26','-0.2','1.6','157'
'Thursday','July','14','2016','17:30:00','19.2','1.6','0.5','40.9','2.3','38.6','11.1','1.0','5.4','4.2','24.2','737','45','42','84','26','-0.2','1.6','157'
'Thursday','July','14','2016','17:30:00','19.2','1.6','0.5','40.9','2.3','38.6','11.1','1.0','5.4','4.2','24.2','737','45','42','84','26','-0.2','1.6','157'
'Thursday','July','14','2016','17:30:00','19.2','1.6','0.5','40.9','2.3','38.6','11.1','1.0','5.4','4.2','24.2','737','45','42','84','26','-0.2','1.6','157'
'Thursday','July','14','2016','17:30:00','19.2','1.6','0.5','40.9','2.3','38.6','11.1','1.0','5.4','4.2','24.2','737','45','42','84','26','-0.2','1.6','157'
'Thursday','July','14','2016','17:30:00','19.2','1.6','0.5','40.9','2.3','38.6','11.1','1.0','5.4','4.2','24.2','737','45','42','84','26','-0.2','1.6','157'
'Thursday','July','14','2016','17:30:00','19.2','1.6','0.5','40.9','2.3','38.6','11.1','1.0','5.4','4.2','24.2','737','45','42','84','26','-0.2','1.6','157'
'Thursday','July','14','2016','17:30:00','19.2','1.6','0.5','40.9','2.3','38.6','11.1','1.0','5.4','4.2','24.2','737','45','42','84','26','-0.2','1.6','157'
'Thursday','July','14','2016','17:30:00','19.2','1.6','0.5','40.9','2.3','38.6','11.1','1.0','5.4','4.2','24.2','737','45','42','84','26','-0.2','1.6','157'
'Thursday','July','14','2016','17:30:00','19.2','1.6','0.5','40.9','2.3','38.6','11.1','1.0','5.4','4.2','24.2','737','45','42','84','26','-0.2','1.6','157'
'Thursday','July','14','2016','17:30:00','19.2','1.6','0.5','40.9','2.3','38.6','11.1','1.0','5.4','4.2','24.2','737','45','42','84','26','-0.2','1.6','157'
'Thursday','July','14','2016','17:30:00','19.2','1.6','0.5','40.9','2.3','38.6','11.1','1.0','5.4','4.2','24.2','737','45','42','84','26','-0.2','1.6','157'
'Thursday','July','14','2016','17:30:00','19.2','1.6','0.5','40.9','2.3','38.6','11.1','1.0','5.4','4.2','24.2','737','45','42','84','26','-0.2','1.6','157'
'Thursday','July','14','2016','17:30:00','19.2','1.6','0.5','40.9','2.3','38.6','11.1','1.0','5.4','4.2','24.2','737','45','42','84','26','-0.2','1.6','157'
'Thursday','July','14','2016','21:00:00','33.6','0.7','0.6','49.1','18.1','67.5','4.7','1.0','7.4','2.6','23.6','737','16','1','88','17','-0.2','0.4','228'
'Thursday','July','14','2016','21:00:00','33.6','0.7','0.6','49.1','18.1','67.5','4.7','1.0','7.4','2.6','23.6','737','16','1','88','17','-0.2','0.4','228'
'Thursday','July','14','2016','21:00:00','33.6','0.7','0.6','49.1','18.1','67.5','4.7','1.0','7.4','2.6','23.7','737','16','1','88','17','-0.2','1.0','213'
'Thursday','July','14','2016','21:00:00','33.6','0.7','0.6','49.1','18.1','67.5','4.7','1.0','7.4','2.6','23.7','737','16','1','88','17','-0.2','1.0','213'
'Thursday','July','14','2016','21:00:00','33.6','0.7','0.6','49.1','18.1','67.5','4.7','1.0','7.4','2.6','23.7','737','16','1','88','17','-0.2','1.0','213'
'Thursday','July','14','2016','21:00:00','33.6','0.7','0.6','49.1','18.1','67.5','4.7','1.0','7.4','2.6','23.7','737','16','1','88','17','-0.2','1.0','213'
'Thursday','July','14','2016','21:00:00','33.6','0.7','0.6','49.1','18.1','67.5','4.7','1.0','7.4','2.6','23.7','737','16','1','88','17','-0.2','1.0','213'
'Thursday','July','14','2016','21:00:00','33.6','0.7','0.6','49.1','18.1','67.5','4.7','1.0','7.4','2.6','23.7','737','16','1','88','17','-0.2','1.0','213'
'Thursday','July','14','2016','23:05:00','33.7','1.3','1.5','45.8','80.0','149.1','6.4','3.7','8.9','4.4','24.4','737','31','-\t','89','16','-0.2','0.3','343'
'Thursday','July','14','2016','23:05:00','33.7','1.3','1.5','45.8','80.0','149.1','6.4','3.7','8.9','4.4','24.4','737','31','-\t','89','16','-0.2','0.3','343'
'Thursday','July','14','2016','23:35:00','29.9','1.6','1.6','52.2','86.0','163.1','6.9','4.6','8.3','5.2','24.4','737','31','-\t','89','17','-0.2','0.3','332'
'Thursday','July','14','2016','23:35:00','29.9','1.6','1.6','52.2','86.0','163.1','6.9','4.6','8.3','5.2','24.4','737','31','-\t','89','17','-0.2','0.3','332'
'Friday','July','15','2016','00:05:00','26.8','2.0','1.3','38.6','87.8','153.2','4.7','5.8','9.2','6.2','24.5','737','39','1','89','18','-0.2','0.3','192'
'Friday','July','15','2016','00:05:00','26.8','2.0','1.3','38.6','87.8','153.2','4.7','5.8','9.2','6.2','24.5','737','39','1','89','18','-0.2','0.3','192'
'Friday','July','15','2016','00:35:00','29.9','2.2','1.4','46.2','91.0','164.5','5.6','6.8','6.6','7.6','24.5','737','39','1','89','17','-0.2','0.3','198'
'Friday','July','15','2016','00:35:00','29.9','2.2','1.4','46.2','91.0','164.5','5.6','6.8','6.6','7.6','24.5','737','39','1','89','17','-0.2','0.3','198'
'Friday','July','15','2016','00:45:00','31.2','2.4','1.3','47.2','77.2','146.8','5.1','7.2','6.0','7.6','24.7','737','39','1','89','17','-0.2','0.6','141'
'Friday','July','15','2016','00:45:00','31.2','2.4','1.3','47.2','77.2','146.8','5.1','7.2','6.0','7.6','24.7','737','39','1','89','17','-0.2','0.6','141'
'Friday','July','15','2016','00:45:00','31.2','2.4','1.3','47.2','77.2','146.8','5.1','7.2','6.0','7.6','24.7','737','39','1','89','17','-0.2','0.6','141'
'Friday','July','15','2016','00:45:00','31.2','2.4','1.3','47.2','77.2','146.8','5.1','7.2','6.0','7.6','24.7','737','39','1','89','17','-0.2','0.6','141'
'Friday','July','15','2016','00:45:00','31.2','2.4','1.3','47.2','77.2','146.8','5.1','7.2','6.0','7.6','24.7','737','39','1','89','17','-0.2','0.6','141'
'Friday','July','15','2016','00:45:00','31.2','2.4','1.3','47.2','77.2','146.8','5.1','7.2','6.0','7.6','24.7','737','39','1','89','17','-0.2','0.6','141'
'Friday','July','15','2016','00:45:00','31.2','2.4','1.3','47.2','77.2','146.8','5.1','7.2','6.0','7.6','24.7','737','39','1','89','17','-0.2','0.6','141'
'Friday','July','15','2016','00:45:00','31.2','2.4','1.3','47.2','77.2','146.8','5.1','7.2','6.0','7.6','24.7','737','39','1','89','17','-0.2','0.6','141'
'Friday','July','15','2016','00:45:00','31.2','2.4','1.3','47.2','77.2','146.8','5.1','7.2','6.0','7.6','24.7','737','39','1','89','17','-0.2','0.6','141'
'Friday','July','15','2016','00:45:00','31.2','2.4','1.3','47.2','77.2','146.8','5.1','7.2','6.0','7.6','24.7','737','39','1','89','17','-0.2','0.6','141'
'Friday','July','15','2016','00:45:00','31.2','2.4','1.3','47.2','77.2','146.8','5.1','7.2','6.0','7.6','24.7','737','39','1','89','17','-0.2','0.6','141'
'Friday','July','15','2016','00:45:00','31.2','2.4','1.3','47.2','77.2','146.8','5.1','7.2','6.0','7.6','24.7','737','39','1','89','17','-0.2','0.6','141'
'Friday','July','15','2016','04:05:00','20.7','0.7','NA','23.2','15.3','40.6','7.3','1.3','3.1','2.3','24.1','737','36','23','90','17','-0.2','0.3','282'
'Friday','July','15','2016','04:05:00','20.7','0.7','NA','23.2','15.3','40.6','7.3','1.3','3.1','2.3','24.1','737','36','23','90','17','-0.2','0.3','282'
'Friday','July','15','2016','04:35:00','27.5','0.7','NA','18.9','19.4','42.5','4.9','1.3','3.1','2.4','24.1','737','36','23','90','17','-0.2','0.3','261'
'Friday','July','15','2016','04:35:00','27.5','0.7','NA','18.9','19.4','42.5','4.9','1.3','3.1','2.4','24.1','737','36','23','90','17','-0.2','0.3','261'
'Friday','July','15','2016','05:05:00','30.6','0.7','0.0','17.5','22.0','44.7','5.8','1.5','3.7','2.6','24.2','737','36','23','90','18','-0.2','0.3','231'
'Friday','July','15','2016','05:05:00','30.6','0.7','0.0','17.5','22.0','44.7','5.8','1.5','3.7','2.6','24.4','737','51','NA','90','17','-0.2','0.3','233'
'Friday','July','15','2016','05:35:00','37.0','0.7','0.0','18.9','22.0','45.9','6.0','1.7','4.0','2.7','24.4','737','51','13','90','18','-0.2','0.3','294'
'Friday','July','15','2016','05:35:00','37.0','0.7','0.0','18.9','22.0','45.9','6.0','1.7','4.0','2.7','24.4','737','51','13','90','18','-0.2','0.3','294'
'Friday','July','15','2016','06:05:00','36.9','0.7','0.5','21.0','22.6','48.7','4.9','2.0','3.7','3.1','24.6','737','59','13','90','31','-0.2','0.3','155'
'Friday','July','15','2016','06:05:00','36.9','0.7','0.5','21.0','22.6','48.7','4.9','2.0','3.7','3.1','24.6','737','59','13','90','31','-0.2','0.3','155'
'Friday','July','15','2016','06:05:00','36.9','0.7','0.5','21.0','22.6','48.7','4.9','2.0','3.7','3.1','24.8','737','59','13','90','38','-0.2','0.3','241'
'Friday','July','15','2016','06:05:00','36.9','0.7','0.5','21.0','22.6','48.7','4.9','2.0','3.7','3.1','24.9','737','59','13','90','43','-0.2','0.4','297'
'Friday','July','15','2016','07:05:00','34.4','1.2','0.8','45.4','57.6','118.2','7.1','2.9','7.2','4.2','25.5','737','61','20','90','73','-0.2','0.3','332'
'Friday','July','15','2016','07:05:00','34.4','1.2','0.8','45.4','57.6','118.2','7.1','2.9','7.2','4.2','25.5','737','61','20','90','73','-0.2','0.3','332'
'Friday','July','15','2016','07:35:00','33.9','1.8','1.0','48.7','52.9','114.7','5.4','4.4','7.4','6.3','26.0','737','61','20','90','82','-0.2','0.3','270'
'Friday','July','15','2016','07:35:00','33.9','1.8','1.0','48.7','52.9','114.7','5.4','4.4','7.4','6.3','26.0','737','61','20','90','82','-0.2','0.3','270'
'Friday','July','15','2016','07:35:00','33.9','1.8','1.0','48.7','52.9','114.7','5.4','4.4','7.4','6.3','26.2','737','61','20','89','100','-0.2','0.4','317'
'Friday','July','15','2016','07:35:00','33.9','1.8','1.0','48.7','52.9','114.7','5.4','4.4','7.4','6.3','26.2','737','61','20','89','100','-0.2','0.4','317'
'Friday','July','15','2016','08:35:00','26.0','2.0','0.7','44.2','11.4','53.8','5.4','4.6','7.2','8.1','26.8','737','86','40','87','159','-0.2','1.2','254'
'Friday','July','15','2016','08:35:00','26.0','2.0','0.7','44.2','11.4','53.8','5.4','4.6','7.2','8.1','26.8','737','86','40','87','159','-0.2','1.2','254'
'Friday','July','15','2016','08:35:00','26.0','2.0','0.7','44.2','11.4','53.8','5.4','4.6','7.2','8.1','26.8','737','86','40','87','159','-0.2','1.2','254'
'Friday','July','15','2016','08:35:00','26.0','2.0','0.7','44.2','11.4','53.8','5.4','4.6','7.2','8.1','26.8','737','86','40','87','159','-0.2','1.2','254'
'Friday','July','15','2016','08:35:00','26.0','2.0','0.7','44.2','11.4','53.8','5.4','4.6','7.2','8.1','26.8','737','86','40','87','159','-0.2','1.2','254'
'Friday','July','15','2016','08:35:00','26.0','2.0','0.7','44.2','11.4','53.8','5.4','4.6','7.2','8.1','26.8','737','86','40','87','159','-0.2','1.2','254'
'Friday','July','15','2016','08:35:00','26.0','2.0','0.7','44.2','11.4','53.8','5.4','4.6','7.2','8.1','26.8','737','86','40','87','159','-0.2','1.2','254'
'Friday','July','15','2016','08:35:00','26.0','2.0','0.7','44.2','11.4','53.8','5.4','4.6','7.2','8.1','26.8','737','86','40','87','159','-0.2','1.2','254'
'Friday','July','15','2016','08:35:00','26.0','2.0','0.7','44.2','11.4','53.8','5.4','4.6','7.2','8.1','26.8','737','86','40','87','159','-0.2','1.2','254'
'Friday','July','15','2016','08:35:00','26.0','2.0','0.7','44.2','11.4','53.8','5.4','4.6','7.2','8.1','26.8','737','86','40','87','159','-0.2','1.2','254'
'Friday','July','15','2016','08:35:00','26.0','2.0','0.7','44.2','11.4','53.8','5.4','4.6','7.2','8.1','26.8','737','86','40','87','159','-0.2','1.2','254'
'Friday','July','15','2016','08:35:00','26.0','2.0','0.7','44.2','11.4','53.8','5.4','4.6','7.2','8.1','26.8','737','86','40','87','159','-0.2','1.2','254'
'Friday','July','15','2016','08:35:00','26.0','2.0','0.7','44.2','11.4','53.8','5.4','4.6','7.2','8.1','26.8','737','86','40','87','159','-0.2','1.2','254'
'Friday','July','15','2016','08:35:00','26.0','2.0','0.7','44.2','11.4','53.8','5.4','4.6','7.2','8.1','26.8','737','86','40','87','159','-0.2','1.2','254'
'Friday','July','15','2016','08:35:00','26.0','2.0','0.7','44.2','11.4','53.8','5.4','4.6','7.2','8.1','26.8','737','86','40','87','159','-0.2','1.2','254'
'Friday','July','15','2016','08:35:00','26.0','2.0','0.7','44.2','11.4','53.8','5.4','4.6','7.2','8.1','26.8','737','86','40','87','159','-0.2','1.2','254'
'Friday','July','15','2016','08:35:00','26.0','2.0','0.7','44.2','11.4','53.8','5.4','4.6','7.2','8.1','26.8','737','86','40','87','159','-0.2','1.2','254'
'Friday','July','15','2016','08:35:00','26.0','2.0','0.7','44.2','11.4','53.8','5.4','4.6','7.2','8.1','26.8','737','86','40','87','159','-0.2','1.2','254'
'Friday','July','15','2016','08:35:00','26.0','2.0','0.7','44.2','11.4','53.8','5.4','4.6','7.2','8.1','26.8','737','86','40','87','159','-0.2','1.2','254'
'Friday','July','15','2016','08:35:00','26.0','2.0','0.7','44.2','11.4','53.8','5.4','4.6','7.2','8.1','26.8','737','86','40','87','159','-0.2','1.2','254'
'Friday','July','15','2016','13:35:00','30.9','0.8','0.3','15.0','1.9','15.2','4.5','0.8','6.3','3.3','30.4','736','25','38','67','251','-0.3','1.9','254'
'Friday','July','15','2016','13:35:00','30.9','0.8','0.3','15.0','1.9','15.2','4.5','0.8','6.3','3.3','30.4','736','25','38','67','251','-0.3','1.9','254'
'Friday','July','15','2016','14:05:00','30.2','0.9','0.2','15.6','2.4','16.3','10.7','0.8','6.9','3.3','30.3','736','74','13','69','251','-0.2','1.6','236'
'Friday','July','15','2016','14:05:00','30.2','0.9','0.2','15.6','2.4','16.3','10.7','0.8','6.9','3.3','30.3','736','74','13','69','251','-0.2','1.6','236'
'Friday','July','15','2016','14:35:00','30.6','0.7','0.2','14.2','2.0','14.6','8.8','0.6','6.3','2.5','30.5','736','74','13','69','249','-0.2','1.7','217'
'Friday','July','15','2016','14:35:00','30.6','0.7','0.2','14.2','2.0','14.6','8.8','0.6','6.3','2.5','30.5','736','74','13','69','249','-0.2','1.7','217'
'Friday','July','15','2016','15:05:00','29.9','0.5','0.2','13.1','2.1','13.7','9.9','0.5','6.6','2.1','30.0','737','41','19','71','180','-0.2','1.7','180'
'Friday','July','15','2016','15:05:00','29.9','0.5','0.2','13.1','2.1','13.7','9.9','0.5','6.6','2.1','30.0','737','41','19','71','180','-0.2','1.7','180'
'Friday','July','15','2016','15:05:00','29.9','0.5','0.2','13.1','2.1','13.7','9.9','0.5','6.6','2.1','30.0','737','41','19','71','180','-0.2','1.7','180'
'Friday','July','15','2016','15:05:00','29.9','0.5','0.2','13.1','2.1','13.7','9.9','0.5','6.6','2.1','30.0','737','41','19','71','180','-0.2','1.7','180'
'Friday','July','15','2016','15:05:00','29.9','0.5','0.2','13.1','2.1','13.7','9.9','0.5','6.6','2.1','30.0','737','41','19','71','180','-0.2','1.7','180'
'Friday','July','15','2016','15:05:00','29.9','0.5','0.2','13.1','2.1','13.7','9.9','0.5','6.6','2.1','30.0','737','41','19','71','180','-0.2','1.7','180'
'Friday','July','15','2016','15:10:00','29.5','0.5','0.2','13.4','2.1','13.9','10.7','0.5','7.4','2.1','30.0','737','41','19','71','180','-0.3','1.1','202'
'Friday','July','15','2016','15:10:00','29.5','0.5','0.2','13.4','2.1','13.9','10.7','0.5','7.4','2.1','30.0','737','41','19','71','180','-0.3','1.1','202'
'Friday','July','15','2016','15:10:00','29.5','0.5','0.2','13.4','2.1','13.9','10.7','0.5','7.4','2.1','30.0','737','41','19','71','180','-0.3','1.1','202'
'Friday','July','15','2016','15:10:00','29.5','0.5','0.2','13.4','2.1','13.9','10.7','0.5','7.4','2.1','30.0','737','41','19','71','180','-0.3','1.1','202'
'Friday','July','15','2016','15:10:00','29.5','0.5','0.2','13.4','2.1','13.9','10.7','0.5','7.4','2.1','30.0','737','41','19','71','180','-0.3','1.1','202'
'Friday','July','15','2016','15:10:00','29.5','0.5','0.2','13.4','2.1','13.9','10.7','0.5','7.4','2.1','30.0','737','41','19','71','180','-0.3','1.1','202'
'Friday','July','15','2016','15:10:00','29.5','0.5','0.2','13.4','2.1','13.9','10.7','0.5','7.4','2.1','30.0','737','41','19','71','180','-0.3','1.1','202'
'Friday','July','15','2016','15:10:00','29.5','0.5','0.2','13.4','2.1','13.9','10.7','0.5','7.4','2.1','30.0','737','41','19','71','180','-0.3','1.1','202'
'Friday','July','15','2016','15:10:00','29.5','0.5','0.2','13.4','2.1','13.9','10.7','0.5','7.4','2.1','30.0','737','41','19','71','180','-0.3','1.1','202'
'Friday','July','15','2016','15:10:00','29.5','0.5','0.2','13.4','2.1','13.9','10.7','0.5','7.4','2.1','30.0','737','41','19','71','180','-0.3','1.1','202'
'Friday','July','15','2016','15:10:00','29.5','0.5','0.2','13.4','2.1','13.9','10.7','0.5','7.4','2.1','30.0','737','41','19','71','180','-0.3','1.1','202'
'Friday','July','15','2016','15:10:00','29.5','0.5','0.2','13.4','2.1','13.9','10.7','0.5','7.4','2.1','30.0','737','41','19','71','180','-0.3','1.1','202'
'Friday','July','15','2016','15:10:00','29.5','0.5','0.2','13.4','2.1','13.9','10.7','0.5','7.4','2.1','30.0','737','41','19','71','180','-0.3','1.1','202'
'Friday','July','15','2016','15:10:00','29.5','0.5','0.2','13.4','2.1','13.9','10.7','0.5','7.4','2.1','30.0','737','41','19','71','180','-0.3','1.1','202'
'Friday','July','15','2016','15:10:00','29.5','0.5','0.2','13.4','2.1','13.9','10.7','0.5','7.4','2.1','30.0','737','41','19','71','180','-0.3','1.1','202'
'Friday','July','15','2016','15:10:00','29.5','0.5','0.2','13.4','2.1','13.9','10.7','0.5','7.4','2.1','30.0','737','41','19','71','180','-0.3','1.1','202'
'Friday','July','15','2016','15:10:00','29.5','0.5','0.2','13.4','2.1','13.9','10.7','0.5','7.4','2.1','30.0','737','41','19','71','180','-0.3','1.1','202'
'Friday','July','15','2016','15:10:00','29.5','0.5','0.2','13.4','2.1','13.9','10.7','0.5','7.4','2.1','30.0','737','41','19','71','180','-0.3','1.1','202'
'Friday','July','15','2016','15:10:00','29.5','0.5','0.2','13.4','2.1','13.9','10.7','0.5','7.4','2.1','30.0','737','41','19','71','180','-0.3','1.1','202'
'Friday','July','15','2016','15:10:00','29.5','0.5','0.2','13.4','2.1','13.9','10.7','0.5','7.4','2.1','30.0','737','41','19','71','180','-0.3','1.1','202'
'Friday','July','15','2016','15:10:00','29.5','0.5','0.2','13.4','2.1','13.9','10.7','0.5','7.4','2.1','30.0','737','41','19','71','180','-0.3','1.1','202'
'Friday','July','15','2016','15:10:00','29.5','0.5','0.2','13.4','2.1','13.9','10.7','0.5','7.4','2.1','30.0','737','41','19','71','180','-0.3','1.1','202'
'Friday','July','15','2016','15:10:00','29.5','0.5','0.2','13.4','2.1','13.9','10.7','0.5','7.4','2.1','30.0','737','41','19','71','180','-0.3','1.1','202'
'Friday','July','15','2016','15:10:00','29.5','0.5','0.2','13.4','2.1','13.9','10.7','0.5','7.4','2.1','30.0','737','41','19','71','180','-0.3','1.1','202'
'Friday','July','15','2016','22:35:00','36.1','0.3','0.6','25.7','2.5','25.6','6.0','0.5','5.7','1.0','26.7','737','59','3','82','17','-0.2','0.7','217'
'Friday','July','15','2016','22:35:00','36.1','0.3','0.6','25.7','2.5','25.6','6.0','0.5','5.7','1.0','26.7','737','59','3','82','17','-0.2','0.7','217'
'Friday','July','15','2016','23:05:00','32.6','0.3','0.6','21.8','2.0','21.2','6.6','0.5','5.7','1.0','26.5','737','47','3','80','17','-0.2','0.3','235'
'Friday','July','15','2016','23:05:00','32.6','0.3','0.6','21.8','2.0','21.2','6.6','0.5','5.7','1.0','26.5','737','47','3','80','17','-0.2','0.3','235'
'Friday','July','15','2016','23:35:00','32.0','0.5','0.6','23.0','2.1','22.5','4.5','0.8','5.4','1.4','25.5','737','47','3','81','17','-0.2','0.6','185'
'Friday','July','15','2016','23:35:00','32.0','0.5','0.6','23.0','2.1','22.5','4.5','0.8','5.4','1.4','25.5','737','47','3','81','17','-0.2','0.6','185'
'Saturday','July','16','2016','00:05:00','25.8','0.7','0.5','19.1','2.3','19.2','8.1','0.9','5.4','1.9','25.1','737','39','NA','84','17','-0.2','0.6','190'
'Saturday','July','16','2016','00:05:00','25.8','0.7','0.5','19.1','2.3','19.2','8.1','0.9','5.4','1.9','25.1','737','39','NA','84','17','-0.2','0.6','190'
'Saturday','July','16','2016','00:05:00','25.8','0.7','0.5','19.1','2.3','19.2','8.1','0.9','5.4','1.9','25.1','737','39','-\t','84','17','-0.2','0.5','252'
'Saturday','July','16','2016','00:05:00','25.8','0.7','0.5','19.1','2.3','19.2','8.1','0.9','5.4','1.9','25.1','737','39','-\t','84','17','-0.2','0.5','252'
'Saturday','July','16','2016','00:05:00','25.8','0.7','0.5','19.1','2.3','19.2','8.1','0.9','5.4','1.9','25.1','737','39','-\t','84','17','-0.2','0.5','252'
'Saturday','July','16','2016','00:05:00','25.8','0.7','0.5','19.1','2.3','19.2','8.1','0.9','5.4','1.9','25.1','737','39','-\t','84','17','-0.2','0.5','252'
'Saturday','July','16','2016','00:05:00','25.8','0.7','0.5','19.1','2.3','19.2','8.1','0.9','5.4','1.9','25.1','737','39','-\t','84','17','-0.2','0.5','252'
'Saturday','July','16','2016','00:05:00','25.8','0.7','0.5','19.1','2.3','19.2','8.1','0.9','5.4','1.9','25.1','737','39','-\t','84','17','-0.2','0.5','252'
'Saturday','July','16','2016','00:05:00','25.8','0.7','0.5','19.1','2.3','19.2','8.1','0.9','5.4','1.9','25.1','737','39','-\t','84','17','-0.2','0.5','252'
'Saturday','July','16','2016','00:05:00','25.8','0.7','0.5','19.1','2.3','19.2','8.1','0.9','5.4','1.9','25.1','737','39','-\t','84','17','-0.2','0.5','252'
'Saturday','July','16','2016','00:05:00','25.8','0.7','0.5','19.1','2.3','19.2','8.1','0.9','5.4','1.9','25.1','737','39','-\t','84','17','-0.2','0.5','252'
'Saturday','July','16','2016','00:05:00','25.8','0.7','0.5','19.1','2.3','19.2','8.1','0.9','5.4','1.9','25.1','737','39','-\t','84','17','-0.2','0.5','252'
'Saturday','July','16','2016','00:05:00','25.8','0.7','0.5','19.1','2.3','19.2','8.1','0.9','5.4','1.9','25.1','737','39','-\t','84','17','-0.2','0.5','252'
'Saturday','July','16','2016','00:05:00','25.8','0.7','0.5','19.1','2.3','19.2','8.1','0.9','5.4','1.9','25.1','737','39','-\t','84','17','-0.2','0.5','252'
'Saturday','July','16','2016','03:30:00','16.9','0.3','0.4','16.6','12.3','30.9','5.6','0.3','3.7','0.9','25.2','737','22','3','88','16','-0.2','0.3','30'
'Saturday','July','16','2016','03:30:00','16.9','0.3','0.4','16.6','12.3','30.9','5.6','0.3','3.7','0.9','25.2','737','22','3','88','16','-0.2','0.3','30'
'Saturday','July','16','2016','03:30:00','16.9','0.3','0.4','16.6','12.3','30.9','5.6','0.3','3.7','0.9','25.2','737','22','3','88','16','-0.2','0.3','30'
'Saturday','July','16','2016','03:30:00','16.9','0.3','0.4','16.6','12.3','30.9','5.6','0.3','3.7','0.9','25.2','737','22','3','88','16','-0.2','0.3','30'
'Saturday','July','16','2016','03:30:00','16.9','0.3','0.4','16.6','12.3','30.9','5.6','0.3','3.7','0.9','25.2','737','22','3','88','16','-0.2','0.3','30'
'Saturday','July','16','2016','03:30:00','16.9','0.3','0.4','16.6','12.3','30.9','5.6','0.3','3.7','0.9','25.2','737','22','3','88','16','-0.2','0.3','30'
'Saturday','July','16','2016','03:30:00','16.9','0.3','0.4','16.6','12.3','30.9','5.6','0.3','3.7','0.9','25.2','737','22','3','88','16','-0.2','0.3','30'
'Saturday','July','16','2016','03:30:00','16.9','0.3','0.4','16.6','12.3','30.9','5.6','0.3','3.7','0.9','25.2','737','22','3','88','16','-0.2','0.3','30'
'Saturday','July','16','2016','03:30:00','16.9','0.3','0.4','16.6','12.3','30.9','5.6','0.3','3.7','0.9','25.2','737','22','3','88','16','-0.2','0.3','30'
'Saturday','July','16','2016','03:30:00','16.9','0.3','0.4','16.6','12.3','30.9','5.6','0.3','3.7','0.9','25.2','737','22','3','88','16','-0.2','0.3','30'
'Saturday','July','16','2016','03:30:00','16.9','0.3','0.4','16.6','12.3','30.9','5.6','0.3','3.7','0.9','25.2','737','22','3','88','16','-0.2','0.3','30'
'Saturday','July','16','2016','03:30:00','16.9','0.3','0.4','16.6','12.3','30.9','5.6','0.3','3.7','0.9','25.2','737','22','3','88','16','-0.2','0.3','30'
'Saturday','July','16','2016','03:30:00','16.9','0.3','0.4','16.6','12.3','30.9','5.6','0.3','3.7','0.9','21.7','737','47','3','89','16','-0.2','1.6','122'
'Saturday','July','16','2016','03:30:00','16.9','0.3','0.4','16.6','12.3','30.9','5.6','0.3','3.7','0.9','21.7','737','47','3','89','16','-0.2','1.6','122'
'Saturday','July','16','2016','07:05:00','28.9','0.2','0.2','15.2','1.3','14.3','7.9','0.2','4.9','1.1','21.3','737','19','13','90','19','-0.2','0.6','247'
'Saturday','July','16','2016','07:05:00','28.9','0.2','0.2','15.2','1.3','14.3','7.9','0.2','4.9','1.1','21.3','737','19','13','90','19','-0.2','0.6','247'
'Saturday','July','16','2016','07:05:00','28.9','0.2','0.2','15.2','1.3','14.3','7.9','0.2','4.9','1.1','21.5','737','19','13','90','19','-0.2','0.9','187'
'Saturday','July','16','2016','07:05:00','28.9','0.2','0.2','15.2','1.3','14.3','7.9','0.2','4.9','1.1','21.5','737','19','13','90','19','-0.2','0.9','187'
'Saturday','July','16','2016','08:05:00','27.8','0.2','0.3','25.7','1.2','23.8','7.5','0.0','5.1','0.5','22.1','737','13','12','90','20','-0.2','0.4','275'
'Saturday','July','16','2016','08:05:00','27.8','0.2','0.3','25.7','1.2','23.8','7.5','0.0','5.1','0.5','22.1','737','13','12','90','20','-0.2','0.4','275'
'Saturday','July','16','2016','08:35:00','26.1','0.2','0.4','28.8','1.1','26.0','7.7','0.1','4.3','0.7','22.4','737','13','12','90','24','-0.2','0.9','256'
'Saturday','July','16','2016','08:35:00','26.1','0.2','0.4','28.8','1.1','26.0','7.7','0.1','4.3','0.7','22.4','737','13','12','90','24','-0.2','0.9','256'
'Saturday','July','16','2016','09:05:00','24.5','0.6','0.5','25.9','1.5','24.2','NA','0.9','4.9','2.0','22.5','737','9','18','90','27','-0.2','1.0','260'
'Saturday','July','16','2016','09:05:00','24.5','0.6','0.5','25.9','1.5','24.2','NA','0.9','4.9','2.0','22.5','737','9','18','90','27','-0.2','1.0','260'
'Saturday','July','16','2016','09:35:00','26.1','0.5','0.5','27.3','1.7','25.8','NA','0.9','4.6','1.6','22.6','737','9','18','90','30','-0.2','1.1','265'
'Saturday','July','16','2016','09:35:00','26.1','0.5','0.5','27.3','1.7','25.8','NA','0.9','4.6','1.6','22.6','737','9','18','90','30','-0.2','1.1','265'
'Saturday','July','16','2016','10:05:00','NA','1.0','NA','NA','NA','NA','9.6','1.3','NA','2.9','22.7','737','23','16','90','36','-0.2','1.2','257'
'Saturday','July','16','2016','10:05:00','NA','1.0','NA','NA','NA','NA','9.6','1.3','NA','2.9','22.7','737','23','16','90','36','-0.2','1.2','257'
'Saturday','July','16','2016','10:35:00','20.1','1.0','NA','NA','NA','NA','9.4','1.1','NA','2.8','22.9','737','23','16','90','57','-0.2','1.4','241'
'Saturday','July','16','2016','10:35:00','20.1','1.0','NA','NA','NA','NA','9.4','1.1','NA','2.8','22.9','737','23','16','90','57','-0.2','1.4','241'
'Saturday','July','16','2016','11:05:00','20.2','1.4','0.7','25.3','2.5','25.1','9.6','1.5','5.4','3.7','23.2','737','28','24','90','57','-0.2','1.1','268'
'Saturday','July','16','2016','11:05:00','20.2','1.4','0.7','25.3','2.5','25.1','9.6','1.5','5.4','3.7','23.2','737','28','24','90','57','-0.2','1.1','268'
'Saturday','July','16','2016','11:25:00','19.0','1.6','0.6','23.4','2.5','23.4','7.1','1.6','5.7','4.3','23.4','737','28','24','90','86','-0.2','1.3','281'
'Saturday','July','16','2016','11:25:00','19.0','1.6','0.6','23.4','2.5','23.4','7.1','1.6','5.7','4.3','23.4','737','28','24','90','86','-0.2','1.3','281'
'Saturday','July','16','2016','12:05:00','17.3','1.9','0.4','23.2','3.6','24.7','11.1','1.6','4.9','4.6','24.0','737','16','15','90','213','-0.2','1.2','297'
'Saturday','July','16','2016','12:05:00','17.3','1.9','0.4','23.2','3.6','24.7','11.1','1.6','4.9','4.6','24.0','737','16','15','90','213','-0.2','1.2','297'
'Saturday','July','16','2016','12:05:00','17.3','1.9','0.4','23.2','3.6','24.7','11.1','1.6','4.9','4.6','24.0','737','16','15','90','213','-0.2','1.2','297'
'Saturday','July','16','2016','12:05:00','17.3','1.9','0.4','23.2','3.6','24.7','11.1','1.6','4.9','4.6','24.0','737','16','15','90','213','-0.2','1.2','297'
'Saturday','July','16','2016','13:05:00','21.8','3.0','0.4','19.1','3.8','21.0','8.6','2.6','6.0','9.8','25.9','737','44','18','87','280','-0.2','1.2','273'
'Saturday','July','16','2016','13:05:00','21.8','3.0','0.4','19.1','3.8','21.0','8.6','2.6','6.0','9.8','25.9','737','44','18','87','280','-0.2','1.2','273'
'Saturday','July','16','2016','13:35:00','26.0','2.4','0.4','20.7','4.0','23.2','8.4','2.1','6.6','8.4','26.5','737','44','18','84','276','-0.2','1.4','245'
'Saturday','July','16','2016','13:35:00','26.0','2.4','0.4','20.7','4.0','23.2','8.4','2.1','6.6','8.4','26.5','737','44','18','84','276','-0.2','1.4','245'
'Saturday','July','16','2016','14:00:00','27.7','1.8','0.4','20.3','3.9','22.5','7.3','2.2','5.4','6.2','26.2','737','45','1','83','234','-0.2','1.0','233'
'Saturday','July','16','2016','14:00:00','27.7','1.8','0.4','20.3','3.9','22.5','7.3','2.2','5.4','6.2','26.2','737','45','1','83','234','-0.2','1.0','233'
'Saturday','July','16','2016','14:00:00','27.7','1.8','0.4','20.3','3.9','22.5','7.3','2.2','5.4','6.2','26.2','737','45','1','83','170','-0.2','1.2','283'
'Saturday','July','16','2016','14:00:00','27.7','1.8','0.4','20.3','3.9','22.5','7.3','2.2','5.4','6.2','26.2','737','45','1','83','170','-0.2','1.2','283'
