'Tuesday','July','12','2016','12:30:00','33.3','1.5','1.8','84.2','20.2','102.6','10.3','2.5','5.2','5.3','27.3','738','96','23','79','100','0.0','1.3','50'
'Tuesday','July','12','2016','12:30:00','33.3','1.5','1.8','84.2','20.2','102.6','10.3','2.5','5.2','5.3','27.3','738','96','23','79','100','0.0','1.3','50'
'Tuesday','July','12','2016','12:30:00','33.3','1.5','1.8','84.2','20.2','102.6','10.3','2.5','5.2','5.3','27.3','738','96','23','79','100','0.0','1.3','50'
'Tuesday','July','12','2016','12:40:00','35.6','2.0','1.5','70.9','7.4','73.3','10.1','2.4','6.5','6.1','27.2','738','96','23','78','103','0.0','1.4','56'
'Tuesday','July','12','2016','12:40:00','35.6','2.0','1.5','70.9','7.4','73.3','10.1','2.4','6.5','6.1','27.2','738','96','23','78','103','0.0','1.4','56'
'Tuesday','July','12','2016','12:40:00','35.6','2.0','1.5','70.9','7.4','73.3','10.1','2.4','6.5','6.1','27.2','738','96','23','78','103','0.0','1.4','56'
'Tuesday','July','12','2016','12:40:00','35.6','2.0','1.5','70.9','7.4','73.3','10.1','2.4','6.5','6.1','27.2','738','96','23','78','103','0.0','1.4','56'
'Tuesday','July','12','2016','13:00:00','28.9','1.4','1.4','54.5','9.0','60.8','8.4','2.0','4.9','7.0','28.9','738','96','23','73','385','0.1','3.0','57'
'Tuesday','July','12','2016','13:00:00','28.9','1.4','1.4','54.5','9.0','60.8','8.4','2.0','4.9','7.0','28.9','738','96','23','73','385','0.1','3.0','57'
'Tuesday','July','12','2016','13:00:00','28.9','1.4','1.4','54.5','9.0','60.8','8.4','2.0','4.9','7.0','28.9','738','96','23','73','385','0.1','3.0','57'
'Tuesday','July','12','2016','13:10:00','26.5','1.5','1.5','56.4','7.0','59.8','10.4','2.1','4.5','7.8','28.5','738','76','22','70','89','0.0','1.6','52'
'Tuesday','July','12','2016','13:10:00','26.5','1.5','1.5','56.4','7.0','59.8','10.4','2.1','4.5','7.8','28.5','738','76','22','70','89','0.0','1.6','52'
'Tuesday','July','12','2016','13:15:00','27.5','1.5','1.5','61.2','13.0','72.3','10.9','1.9','3.2','8.4','28.5','738','76','22','70','89','0.0','1.6','52'
'Tuesday','July','12','2016','13:30:00','28.5','0.9','1.3','49.0','9.3','56.4','10.2','1.4','4.0','5.8','27.7','738','76','22','72','150','0.0','2.8','37'
'Tuesday','July','12','2016','13:30:00','28.5','0.9','1.3','49.0','9.3','56.4','10.2','1.4','4.0','5.8','27.7','738','76','22','72','150','0.0','2.8','37'
'Tuesday','July','12','2016','13:40:00','29.0','0.6','1.3','53.1','8.6','59.1','11.4','1.2','5.8','4.4','27.8','738','76','22','72','148','0.4','3.3','32'
'Tuesday','July','12','2016','14:00:00','26.8','0.8','1.1','37.8','5.4','41.0','8.7','1.5','7.5','3.8','26.8','NA','76','22','76','12','0.0','2.1','89'
'Tuesday','July','12','2016','14:10:00','27.5','0.5','1.0','38.8','5.4','42.0','11.8','1.3','6.0','3.2','25.4','NA','65','NA','80','14','0.3','3.3','61'
'Tuesday','July','12','2016','14:30:00','28.0','0.3','1.0','41.7','10.3','51.3','7.7','0.8','4.5','2.3','24.2','NA','65','NA','83','48','0.0','0.9','55'
'Tuesday','July','12','2016','14:40:00','23.9','0.3','1.3','57.4','43.6','110.7','10.1','0.7','5.4','2.1','24.2','NA','65','NA','83','66','0.0','1.0','42'
'Tuesday','July','12','2016','15:00:00','26.4','0.4','1.3','58.5','9.7','65.4','9.4','1.0','6.9','1.9','24.7','NA','65','NA','84','60','0.0','0.7','110'
'Tuesday','July','12','2016','15:20:00','31.6','2.0','1.2','45.4','9.4','53.3','9.3','1.2','5.4','7.1','25.2','NA','7','1','84','107','0.0','0.5','125'
'Tuesday','July','12','2016','15:30:00','30.1','1.5','1.2','46.0','7.5','51.2','8.0','1.6','6.5','10.0','26.6','738','7','1','82','212','-0.1','1.0','165'
'Tuesday','July','12','2016','15:40:00','29.1','1.4','1.1','37.4','2.5','36.8','8.7','1.8','6.1','10.8','27.1','738','7','1','79','120','0.0','0.8','64'
'Tuesday','July','12','2016','16:00:00','26.3','0.9','1.5','60.5','6.8','63.2','12.6','1.2','5.3','3.9','27.4','738','7','1','75','139','0.0','2.0','192'
'Tuesday','July','12','2016','16:00:00','26.3','0.9','1.5','60.5','6.8','63.2','12.6','1.2','5.3','3.9','27.3','738','18','17','76','119','0.1','2.2','170'
'Tuesday','July','12','2016','16:30:00','34.5','0.6','1.4','45.8','6.9','50.2','9.7','1.7','4.3','3.7','27.7','738','18','17','74','110','0.0','0.8','132'
'Tuesday','July','12','2016','16:40:00','33.4','0.6','1.4','47.4','11.5','57.9','9.0','1.8','4.1','4.0','28.1','738','18','17','73','124','0.0','0.4','131'
'Tuesday','July','12','2016','16:40:00','33.4','0.6','1.4','47.4','11.5','57.9','9.0','1.8','4.1','4.0','28.3','738','18','17','72','123','0.0','0.7','85'
'Tuesday','July','12','2016','16:55:00','36.8','0.5','1.8','63.3','17.9','80.8','10.2','1.1','5.5','3.0','28.3','738','18','17','72','123','0.0','0.7','85'
'Tuesday','July','12','2016','17:30:00','50.1','0.6','1.3','43.1','5.2','45.5','10.2','1.9','5.3','4.6','28.8','738','22','30','68','44','0.0','1.0','166'
'Tuesday','July','12','2016','17:40:00','47.8','0.6','1.2','43.5','4.2','44.5','9.0','1.9','6.9','4.7','28.4','738','22','30','69','27','0.0','0.4','126'
'Tuesday','July','12','2016','17:45:00','48.0','0.6','1.2','42.8','3.6','43.1','8.7','1.6','6.6','3.3','28.1','738','22','30','69','23','0.0','0.5','172'
'Tuesday','July','12','2016','18:20:00','46.3','0.5','1.3','48.7','5.1','50.4','9.0','1.5','6.8','3.7','27.7','738','43','NA','68','21','0.0','0.9','176'
'Tuesday','July','12','2016','18:30:00','47.7','0.4','1.4','50.2','4.7','51.1','9.5','1.4','3.8','2.7','27.7','738','43','NA','68','31','0.0','0.3','37'
'Tuesday','July','12','2016','18:40:00','47.6','0.4','1.4','49.9','4.1','50.0','10.7','1.4','5.0','2.6','27.7','738','43','NA','68','31','0.0','0.3','194'
'Tuesday','July','12','2016','19:00:00','42.4','0.6','1.8','72.0','16.0','86.0','9.6','1.6','5.4','3.1','27.6','738','43','NA','70','22','0.0','0.3','159'
'Tuesday','July','12','2016','19:10:00','46.2','0.6','2.0','82.6','30.9','115.8','8.9','1.6','4.8','3.1','27.5','738','51','NA','70','13','0.0','0.5','88'
'Tuesday','July','12','2016','19:30:00','45.2','0.8','2.4','90.3','49.1','147.5','9.3','3.0','2.1','4.5','27.4','738','51','NA','71','9','0.0','0.3','122'
'Tuesday','July','12','2016','19:40:00','43.8','0.8','2.6','83.7','67.5','166.7','10.1','3.1','2.8','4.6','27.5','738','51','NA','71','9','0.0','0.3','18'
'Tuesday','July','12','2016','20:10:00','41.1','0.8','2.8','94.0','72.2','182.3','9.7','3.1','3.3','8.6','27.3','738','115','1','73','8','0.0','0.3','185'
'Tuesday','July','12','2016','20:10:00','41.1','0.8','2.8','94.0','72.2','182.3','9.7','3.1','3.3','8.6','27.3','738','115','1','73','9','0.0','0.5','185'
'Tuesday','July','12','2016','20:10:00','41.1','0.8','2.8','94.0','72.2','182.3','9.7','3.1','3.3','8.6','27.3','738','115','1','73','9','0.0','0.5','185'
'Tuesday','July','12','2016','20:50:00','36.7','1.5','3.1','81.0','87.3','191.3','12.6','5.1','2.0','9.8','27.1','738','115','1','74','9','0.0','0.3','186'
'Tuesday','July','12','2016','21:10:00','35.3','3.4','3.1','100.6','75.8','193.2','13.2','5.3','1.5','12.9','27.4','738','131','7','74','8','0.0','0.4','46'
'Tuesday','July','12','2016','21:20:00','34.8','4.8','3.2','94.0','79.7','192.6','17.6','5.4','2.9','15.3','27.4','738','131','7','74','9','0.0','0.3','182'
'Tuesday','July','12','2016','21:40:00','35.5','2.7','3.5','101.8','78.5','197.9','14.9','5.4','3.2','10.6','27.3','738','131','7','76','9','0.0','0.3','168'
'Tuesday','July','12','2016','21:55:00','33.8','3.2','3.7','112.2','68.1','192.9','14.7','5.5','3.2','11.5','27.4','738','131','7','76','8','0.0','0.3','189'
'Tuesday','July','12','2016','22:00:00','33.2','4.0','3.9','112.5','67.3','192.2','16.9','5.8','4.0','14.6','27.3','738','122','37','76','9','0.0','0.3','201'
'Tuesday','July','12','2016','22:25:00','34.4','3.6','4.2','103.6','69.0','186.5','15.1','5.9','0.1','16.9','27.3','738','122','37','76','9','0.0','0.3','165'
'Tuesday','July','12','2016','22:40:00','36.1','2.5','4.0','93.6','67.3','175.3','15.8','6.4','3.1','18.1','27.2','738','122','37','77','8','0.0','0.3','182'
'Tuesday','July','12','2016','22:50:00','35.6','2.0','3.9','95.1','59.8','166.4','14.1','6.8','2.4','17.4','27.1','738','122','37','77','9','0.0','0.3','189'
'Tuesday','July','12','2016','23:10:00','34.3','1.8','3.8','90.8','44.6','141.8','13.5','6.6','5.0','16.9','27.0','738','178','57','78','9','0.0','0.3','189'
'Tuesday','July','12','2016','23:20:00','34.1','1.6','3.7','94.5','61.4','168.0','13.9','6.4','5.2','15.3','27.0','738','178','57','78','9','0.0','0.3','196'
'Tuesday','July','12','2016','23:35:00','36.0','2.8','3.8','98.4','66.7','178.8','12.7','5.5','4.7','15.3','27.0','738','178','57','78','8','0.0','0.3','10'
'Tuesday','July','12','2016','23:50:00','36.3','2.2','3.9','95.2','71.7','182.8','12.7','5.3','3.2','13.9','27.0','738','178','57','79','8','0.0','0.3','123'
'Wednesday','July','13','2016','00:05:00','35.8','1.5','3.9','97.2','70.4','182.8','16.7','5.3','4.4','15.4','27.1','738','176','104','79','9','0.0','0.3','99'
'Wednesday','July','13','2016','00:10:00','35.4','1.5','4.0','97.7','72.0','185.3','16.3','5.2','4.7','15.1','27.2','738','176','104','79','9','0.0','0.3','155'
'Wednesday','July','13','2016','00:25:00','35.8','1.4','4.1','97.2','75.1','189.1','16.1','4.9','6.0','13.8','27.1','738','176','104','79','8','0.0','0.3','60'
'Wednesday','July','13','2016','00:25:00','35.8','1.4','4.1','97.2','75.1','189.1','16.1','4.9','6.0','13.8','27.1','738','176','104','79','8','0.0','0.3','60'
'Wednesday','July','13','2016','00:25:00','35.8','1.4','4.1','97.2','75.1','189.1','16.1','4.9','6.0','13.8','27.1','738','176','104','79','8','0.0','0.3','60'
'Wednesday','July','13','2016','00:25:00','35.8','1.4','4.1','97.2','75.1','189.1','16.1','4.9','6.0','13.8','27.1','738','176','104','79','8','0.0','0.3','60'
'Wednesday','July','13','2016','01:35:00','48.8','1.1','2.5','102.0','32.9','135.9','14.8','4.2','14.0','9.9','27.2','738','189','121','78','9','0.0','0.3','83'
'Wednesday','July','13','2016','01:50:00','40.6','0.9','2.4','90.8','61.9','165.5','15.0','3.4','7.9','8.3','27.2','738','189','121','78','9','0.0','0.3','76'
'Wednesday','July','13','2016','02:05:00','43.7','0.9','2.3','99.8','88.2','209.3','14.3','2.9','7.6','8.2','27.2','738','193','91','78','9','0.0','0.3','78'
'Wednesday','July','13','2016','02:05:00','43.7','0.9','2.3','99.8','88.2','209.3','14.3','2.9','7.6','8.2','27.2','738','193','91','78','9','0.0','0.3','78'
'Wednesday','July','13','2016','02:20:00','46.0','0.8','1.8','83.6','57.5','153.0','12.2','2.7','10.6','9.0','27.2','738','193','91','78','8','0.0','0.3','97'
'Wednesday','July','13','2016','02:45:00','44.9','0.7','1.4','71.3','35.2','111.7','10.1','2.0','8.6','7.4','27.0','738','193','91','78','8','0.0','0.3','89'
'Wednesday','July','13','2016','03:05:00','42.6','0.6','1.2','54.0','15.8','69.7','9.8','1.4','3.0','5.0','26.9','738','195','57','78','8','0.0','0.6','82'
'Wednesday','July','13','2016','03:15:00','42.6','0.5','1.2','53.8','14.6','67.8','9.0','1.0','6.9','3.0','26.9','738','195','57','78','9','0.0','0.3','64'
'Wednesday','July','13','2016','03:15:00','42.6','0.5','1.2','53.8','14.6','67.8','9.0','1.0','6.9','3.0','26.9','738','195','57','78','9','0.0','0.3','64'
'Wednesday','July','13','2016','03:45:00','40.9','0.4','1.3','46.6','19.4','68.1','9.5','1.0','8.9','3.6','26.8','738','195','57','78','8','0.0','0.6','88'
'Wednesday','July','13','2016','03:45:00','40.9','0.4','1.3','46.6','19.4','68.1','9.5','1.0','8.9','3.6','26.8','738','195','57','78','8','0.0','0.6','88'
'Wednesday','July','13','2016','03:45:00','40.9','0.4','1.3','46.6','19.4','68.1','9.5','1.0','8.9','3.6','26.8','738','195','57','78','8','0.0','0.6','88'
'Wednesday','July','13','2016','04:30:00','39.0','0.4','0.9','42.8','17.0','61.3','9.0','0.7','7.4','2.1','26.6','738','128','19','79','8','0.0','0.8','81'
'Wednesday','July','13','2016','04:30:00','39.0','0.4','0.9','42.8','17.0','61.3','9.0','0.7','7.4','2.1','26.6','738','128','19','79','8','0.0','0.8','81'
'Wednesday','July','13','2016','04:30:00','39.0','0.4','0.9','42.8','17.0','61.3','9.0','0.7','7.4','2.1','26.6','738','128','19','79','8','0.0','0.8','81'
'Wednesday','July','13','2016','04:30:00','39.0','0.4','0.9','42.8','17.0','61.3','9.0','0.7','7.4','2.1','26.6','738','128','19','79','8','0.0','0.8','81'
'Wednesday','July','13','2016','05:35:00','35.2','0.4','0.9','38.5','19.8','61.3','9.7','0.5','5.8','1.6','26.3','738','113','34','80','11','0.0','0.4','86'
'Wednesday','July','13','2016','05:45:00','30.0','0.4','1.0','37.3','36.4','83.1','9.8','0.5','5.7','1.6','26.3','738','113','34','80','14','0.0','0.3','68'
'Wednesday','July','13','2016','06:05:00','32.9','0.4','1.1','39.1','34.5','82.0','9.8','0.6','4.2','1.7','26.4','738','112','48','80','25','0.0','0.7','74'
'Wednesday','July','13','2016','06:25:00','32.6','0.4','1.2','37.8','30.1','74.8','10.0','0.7','6.1','1.8','26.6','738','112','48','80','43','0.0','0.8','79'
'Wednesday','July','13','2016','06:35:00','32.5','0.5','1.2','38.0','47.8','99.1','9.4','0.8','6.9','1.9','26.9','738','112','48','79','51','0.0','1.1','80'
'Wednesday','July','13','2016','06:55:00','31.9','0.5','1.3','46.1','38.7','93.9','9.4','0.8','4.9','2.0','27.4','738','112','48','78','65','0.0','0.9','96'
'Wednesday','July','13','2016','07:05:00','31.2','0.5','1.7','50.7','81.2','156.1','9.4','0.8','1.3','1.9','27.6','738','148','68','77','73','0.0','1.2','84'
'Wednesday','July','13','2016','07:25:00','45.4','0.5','2.0','48.8','74.3','145.1','10.3','0.9','5.7','2.1','27.9','738','148','68','76','80','-0.1','0.8','91'
'Wednesday','July','13','2016','07:35:00','34.8','0.5','1.8','60.4','48.8','120.6','9.2','1.1','6.3','2.2','28.6','738','148','68','73','121','-0.1','1.2','89'
'Wednesday','July','13','2016','08:00:00','30.5','0.6','1.3','58.4','14.0','71.1','10.1','2.0','1.8','2.7','29.2','738','148','68','70','171','0.0','0.6','136'
'Wednesday','July','13','2016','08:10:00','31.4','0.5','1.2','55.6','14.5','69.3','11.3','1.6','3.8','2.6','29.4','738','166','68','68','134','0.0','1.0','158'
'Wednesday','July','13','2016','08:35:00','36.8','0.4','1.4','58.4','13.5','70.5','8.9','1.1','5.3','2.3','30.3','738','166','68','64','173','0.0','1.0','137'
'Wednesday','July','13','2016','08:35:00','36.8','0.4','1.4','58.4','13.5','70.5','8.9','1.1','5.3','2.3','30.6','738','166','68','63','143','0.0','0.8','98'
'Wednesday','July','13','2016','08:55:00','36.0','0.3','1.2','47.4','8.8','54.2','8.7','0.9','7.5','1.8','30.1','738','166','68','64','129','0.0','1.4','148'
'Wednesday','July','13','2016','09:05:00','36.4','0.3','1.3','44.8','7.3','50.0','8.6','0.9','7.2','1.8','29.9','738','107','42','64','168','-0.1','1.1','127'
'Wednesday','July','13','2016','09:25:00','43.6','0.2','1.3','44.6','8.1','50.8','8.1','0.5','3.6','1.2','29.9','738','107','42','64','195','0.0','0.9','134'
'Wednesday','July','13','2016','09:40:00','44.3','0.2','1.2','49.2','12.4','60.7','8.3','0.7','4.2','1.3','30.7','738','107','42','63','354','0.1','1.0','114'
'Wednesday','July','13','2016','09:55:00','40.4','0.2','1.3','45.9','7.9','51.8','8.3','0.8','7.2','1.2','31.8','738','107','42','59','393','0.1','2.0','128'
'Wednesday','July','13','2016','10:05:00','34.7','0.2','1.4','47.8','20.0','69.8','8.8','0.7','9.4','1.2','32.2','738','89','16','57','365','0.0','1.3','138'
'Wednesday','July','13','2016','10:30:00','40.1','0.2','1.4','50.8','21.5','74.6','8.4','0.9','9.0','1.4','32.7','738','89','16','55','293','0.1','1.6','138'
'Wednesday','July','13','2016','10:35:00','42.5','0.2','1.3','44.8','6.8','49.2','7.8','0.9','9.0','1.4','33.3','738','89','16','53','398','0.0','1.4','116'
'Wednesday','July','13','2016','10:55:00','38.6','0.2','1.1','33.6','4.4','35.9','9.0','0.8','7.9','1.4','33.3','738','89','16','53','372','0.0','1.8','120'
'Wednesday','July','13','2016','11:05:00','32.5','0.2','1.2','36.8','18.5','58.0','9.1','0.8','4.9','1.4','33.8','738','82','1','51','402','0.0','2.5','145'
'Wednesday','July','13','2016','11:30:00','36.6','0.3','1.0','24.2','2.0','24.3','9.9','0.8','3.0','1.6','33.4','738','82','1','51','337','0.0','1.5','166'
'Wednesday','July','13','2016','11:35:00','36.9','0.3','1.0','25.0','1.8','24.8','9.9','0.8','0.9','1.6','32.6','738','82','1','54','208','0.1','2.6','154'
'Wednesday','July','13','2016','11:55:00','34.5','0.2','1.3','57.3','11.4','66.6','9.9','0.2','NA','0.8','31.9','738','82','1','57','312','0.1','1.2','127'
'Wednesday','July','13','2016','12:05:00','35.5','0.2','1.2','40.6','7.8','46.9','10.5','0.2','6.4','0.8','32.6','738','42','NA','54','184','0.0','1.4','126'
'Wednesday','July','13','2016','12:25:00','33.8','0.3','1.1','52.5','5.3','53.9','7.1','1.0','8.0','1.6','31.2','738','42','NA','59','112','0.0','1.6','145'
'Wednesday','July','13','2016','12:35:00','32.3','0.3','1.3','67.6','15.6','81.6','8.5','1.1','12.0','1.8','31.1','738','42','NA','60','156','0.1','1.3','120'
'Wednesday','July','13','2016','12:55:00','28.0','0.5','1.0','37.4','7.3','43.3','9.5','1.1','8.1','2.0','32.2','738','42','NA','56','350','0.0','1.6','122'
'Wednesday','July','13','2016','13:05:00','23.6','0.5','1.3','51.0','16.1','67.5','8.8','1.1','5.3','2.0','32.9','738','64','NA','53','310','0.0','1.2','126'
'Wednesday','July','13','2016','13:30:00','18.9','0.3','2.2','84.4','66.9','166.4','13.1','1.3','7.1','1.9','32.0','738','64','NA','57','110','0.0','1.5','95'
'Wednesday','July','13','2016','13:35:00','26.3','0.3','2.1','87.4','61.9','162.4','11.3','1.3','8.2','1.9','30.6','738','64','NA','64','111','-0.1','1.2','79'
'Wednesday','July','13','2016','13:40:00','13.5','0.4','2.3','83.3','70.9','171.0','12.1','1.1','9.6','1.8','30.2','738','64','NA','66','126','0.0','1.3','83'
'Wednesday','July','13','2016','13:40:00','13.5','0.4','2.3','83.3','70.9','171.0','12.1','1.1','9.6','1.8','30.2','738','64','NA','66','126','0.0','1.3','83'
'Wednesday','July','13','2016','14:10:00','21.5','0.6','1.7','67.2','16.7','82.7','11.4','2.0','7.9','2.8','32.0','738','58','73','59','284','-0.1','1.1','91'
'Wednesday','July','13','2016','14:10:00','21.5','0.6','1.7','67.2','16.7','82.7','11.4','2.0','7.9','2.8','32.0','738','58','73','59','284','-0.1','1.1','91'
'Wednesday','July','13','2016','14:10:00','21.5','0.6','1.7','67.2','16.7','82.7','11.4','2.0','7.9','2.8','32.0','738','58','73','59','284','-0.1','1.1','91'
'Wednesday','July','13','2016','14:10:00','21.5','0.6','1.7','67.2','16.7','82.7','11.4','2.0','7.9','2.8','32.0','738','58','73','59','284','-0.1','1.1','91'
'Wednesday','July','13','2016','14:10:00','21.5','0.6','1.7','67.2','16.7','82.7','11.4','2.0','7.9','2.8','32.0','738','58','73','59','284','-0.1','1.1','91'
'Wednesday','July','13','2016','15:35:00','22.9','0.4','1.2','49.4','4.3','49.9','17.4','1.1','5.5','2.4','32.4','738','100','NA','58','145','0.0','1.3','79'
'Wednesday','July','13','2016','15:55:00','21.0','0.3','1.2','63.7','12.3','73.3','21.6','1.0','10.1','2.3','33.2','738','100','NA','54','166','0.1','1.8','76'
'Wednesday','July','13','2016','16:05:00','19.3','0.3','1.2','51.1','8.0','56.4','23.9','0.9','9.3','2.2','33.5','738','121','49','54','137','0.0','2.0','103'
'Wednesday','July','13','2016','16:15:00','22.3','0.4','1.3','66.8','9.9','73.1','17.6','1.0','9.2','2.2','32.6','738','121','49','54','94','0.2','1.7','136'
'Wednesday','July','13','2016','16:15:00','22.3','0.4','1.3','66.8','9.9','73.1','17.6','1.0','9.2','2.2','32.6','738','121','49','54','94','0.2','1.7','136'
'Wednesday','July','13','2016','16:15:00','22.3','0.4','1.3','66.8','9.9','73.1','17.6','1.0','9.2','2.2','32.6','738','121','49','54','94','0.2','1.7','136'
'Wednesday','July','13','2016','17:05:00','25.6','0.3','1.1','24.0','2.9','25.4','9.5','0.9','15.2','2.2','28.9','738','102','NA','67','16','0.0','5.3','164'
'Wednesday','July','13','2016','17:15:00','26.4','0.6','1.0','24.2','1.3','23.3','9.5','1.1','14.1','3.2','27.6','738','102','NA','71','17','0.0','3.8','167'
'Wednesday','July','13','2016','17:35:00','34.2','0.5','1.0','23.0','1.9','23.0','7.8','1.6','16.4','3.6','26.6','738','102','NA','75','14','0.0','2.3','175'
'Wednesday','July','13','2016','17:55:00','38.6','0.2','1.1','36.1','5.7','39.9','7.2','0.7','NA','1.4','26.0','738','102','NA','76','18','0.1','2.3','36'
'Wednesday','July','13','2016','18:05:00','38.2','0.2','1.3','45.3','5.4','47.8','6.9','0.7','16.2','1.4','26.2','738','41','NA','76','18','0.0','1.0','68'
'Wednesday','July','13','2016','18:15:00','40.6','0.2','1.3','45.9','4.9','47.5','7.9','1.2','11.7','1.6','26.2','738','41','NA','76','20','0.0','0.6','118'
'Wednesday','July','13','2016','18:35:00','49.0','0.8','1.6','74.3','15.3','87.1','9.0','1.1','7.2','3.7','26.6','738','41','NA','76','23','0.0','0.5','138'
'Wednesday','July','13','2016','18:55:00','47.7','0.7','1.7','74.5','11.2','81.6','8.6','1.5','6.6','3.2','26.7','738','41','NA','76','23','0.0','0.4','87'
'Wednesday','July','13','2016','19:05:00','44.2','0.7','1.6','67.5','4.9','66.8','8.5','1.6','9.4','3.2','26.7','738','31','NA','76','17','0.0','0.5','180'
'Wednesday','July','13','2016','19:25:00','42.8','0.6','1.7','70.9','9.8','76.5','8.3','2.1','7.2','3.5','26.7','738','31','NA','75','10','0.0','0.8','151'
'Wednesday','July','13','2016','19:45:00','40.8','0.5','2.8','96.4','47.9','151.3','8.9','2.5','7.3','3.5','27.0','738','31','NA','74','9','0.0','0.8','96'
'Wednesday','July','13','2016','19:45:00','40.8','0.5','2.8','96.4','47.9','151.3','8.9','2.5','7.3','3.5','27.4','738','31','NA','72','9','0.0','0.4','139'
'Wednesday','July','13','2016','20:05:00','32.6','0.5','3.1','102.7','82.7','204.4','8.9','2.4','11.1','3.0','27.5','738','64','NA','72','9','0.0','0.6','86'
'Wednesday','July','13','2016','20:35:00','42.7','0.8','2.6','100.1','45.3','151.1','8.2','3.6','8.9','7.4','27.4','738','64','NA','73','9','0.0','0.3','203'
'Wednesday','July','13','2016','20:35:00','42.7','0.8','2.6','100.1','45.3','151.1','8.2','3.6','8.9','7.4','27.2','738','64','NA','74','9','0.0','0.3','202'
'Wednesday','July','13','2016','20:55:00','36.6','0.8','2.8','100.5','70.1','185.3','10.2','3.6','13.1','7.7','27.4','738','64','NA','74','8','0.0','0.3','174'
'Wednesday','July','13','2016','21:05:00','35.9','0.8','3.0','101.1','71.4','187.6','10.2','3.7','10.2','7.7','27.5','738','193','21','74','8','0.0','0.3','139'
'Wednesday','July','13','2016','21:20:00','34.4','0.8','3.3','98.8','80.9','198.6','11.0','4.0','8.1','8.2','27.6','738','193','21','72','9','0.0','0.4','174'
'Wednesday','July','13','2016','21:35:00','35.8','0.9','3.2','99.2','78.1','195.1','12.0','4.5','10.1','8.8','27.6','738','193','21','72','8','0.0','0.3','195'
'Wednesday','July','13','2016','21:45:00','35.6','1.2','3.1','96.7','76.8','191.0','11.7','5.1','9.0','10.4','27.7','738','193','21','71','9','0.0','0.5','174'
'Wednesday','July','13','2016','22:10:00','33.3','1.7','3.1','94.2','81.7','195.5','11.5','5.9','7.6','13.7','27.8','738','170','24','70','8','0.0','0.4','134'
'Wednesday','July','13','2016','22:10:00','33.3','1.7','3.1','94.2','81.7','195.5','11.5','5.9','7.6','13.7','27.9','738','170','24','70','9','0.0','0.3','175'
'Wednesday','July','13','2016','22:35:00','35.2','1.8','2.9','84.7','99.6','211.6','10.7','5.6','9.0','12.1','27.9','738','170','24','69','9','0.0','0.3','174'
'Wednesday','July','13','2016','22:55:00','33.6','1.4','2.7','88.5','95.1','208.7','14.1','5.3','8.2','10.1','27.7','738','170','24','69','9','0.0','0.3','176'
'Wednesday','July','13','2016','23:05:00','33.9','1.4','2.7','86.6','99.4','213.0','12.2','5.2','5.9','9.8','27.8','738','156','36','70','8','0.0','0.3','171'
'Wednesday','July','13','2016','23:20:00','35.0','1.3','2.7','90.7','113.3','235.5','11.7','4.7','4.9','8.6','27.8','738','156','36','70','9','0.0','0.3','180'
'Wednesday','July','13','2016','23:20:00','35.0','1.3','2.7','90.7','113.3','235.5','11.7','4.7','4.9','8.6','27.8','738','156','36','70','9','0.0','0.3','180'
'Wednesday','July','13','2016','23:45:00','38.6','1.2','2.7','87.4','113.1','232.3','12.3','4.5','9.0','7.2','27.8','738','156','36','71','9','0.0','0.3','196'
'Wednesday','July','13','2016','23:45:00','38.6','1.2','2.7','87.4','113.1','232.3','12.3','4.5','9.0','7.2','27.8','738','156','36','71','9','0.0','0.3','196'
'Thursday','July','14','2016','00:25:00','45.0','1.1','2.0','83.3','48.7','140.8','10.3','3.9','13.7','6.0','27.7','738','147','39','70','9','0.0','0.3','185'
'Thursday','July','14','2016','00:30:00','46.4','1.1','1.9','81.5','39.9','127.1','9.8','3.9','14.1','6.0','27.8','738','147','39','70','9','0.0','0.3','183'
'Thursday','July','14','2016','00:30:00','46.4','1.1','1.9','81.5','39.9','127.1','9.8','3.9','14.1','6.0','27.8','738','147','39','70','9','0.0','0.3','183'
'Thursday','July','14','2016','00:30:00','46.4','1.1','1.9','81.5','39.9','127.1','9.8','3.9','14.1','6.0','27.8','738','147','39','70','9','0.0','0.3','183'
'Thursday','July','14','2016','01:25:00','49.4','0.7','1.5','72.3','27.3','101.7','10.0','2.1','11.7','3.2','27.5','738','104','57','71','9','0.0','0.3','187'
'Thursday','July','14','2016','01:35:00','50.6','0.7','1.5','70.8','27.1','100.0','9.3','2.0','10.9','3.2','27.5','738','104','57','71','9','0.0','0.3','188'
'Thursday','July','14','2016','01:45:00','49.8','0.7','1.5','68.3','26.3','96.8','10.3','1.8','9.9','3.1','27.5','738','104','57','72','9','0.0','0.3','178'
'Thursday','July','14','2016','01:45:00','49.8','0.7','1.5','68.3','26.3','96.8','10.3','1.8','9.9','3.1','27.5','738','104','57','72','9','0.0','0.3','178'
'Thursday','July','14','2016','01:45:00','49.8','0.7','1.5','68.3','26.3','96.8','10.3','1.8','9.9','3.1','27.5','738','104','57','72','9','0.0','0.3','178'
'Thursday','July','14','2016','01:45:00','49.8','0.7','1.5','68.3','26.3','96.8','10.3','1.8','9.9','3.1','27.5','738','104','57','72','9','0.0','0.3','178'
'Thursday','July','14','2016','02:55:00','44.1','0.7','1.7','68.2','44.7','121.8','10.2','2.4','11.6','4.0','27.8','738','73','12','71','9','0.0','0.3','174'
'Thursday','July','14','2016','03:05:00','42.9','0.6','1.7','66.8','44.8','120.7','10.2','2.2','9.4','3.7','27.7','738','112','20','71','8','0.0','0.3','165'
'Thursday','July','14','2016','03:25:00','44.8','0.5','2.3','74.8','85.0','182.8','10.7','1.8','14.5','3.0','27.6','738','112','20','72','9','0.0','0.3','62'
'Thursday','July','14','2016','03:35:00','43.1','0.6','3.0','78.6','123.3','238.5','11.8','1.9','12.4','3.2','27.7','738','112','20','73','9','0.0','0.3','90'
'Thursday','July','14','2016','03:50:00','40.2','0.7','3.6','74.3','133.2','248.1','12.8','2.4','13.4','4.1','27.7','738','112','20','74','9','0.0','0.4','51'
'Thursday','July','14','2016','04:05:00','38.4','0.9','3.8','69.3','145.0','259.8','12.8','3.2','14.6','5.6','27.7','738','133','28','75','8','0.0','0.4','78'
'Thursday','July','14','2016','04:20:00','40.5','1.0','3.1','68.3','133.1','242.6','12.2','4.0','14.8','7.0','27.5','738','133','28','76','9','0.0','0.8','69'
'Thursday','July','14','2016','04:35:00','39.3','1.1','2.6','63.3','100.5','193.7','12.3','4.2','12.6','7.4','27.3','738','133','28','76','9','0.0','0.4','101'
'Thursday','July','14','2016','04:50:00','35.0','1.0','2.2','58.1','78.9','159.5','11.3','3.7','9.7','7.0','27.2','738','133','28','77','9','0.0','0.3','58'
'Thursday','July','14','2016','05:05:00','33.0','0.9','1.9','56.9','66.4','141.4','11.7','3.1','12.4','6.4','27.2','738','322','111','77','9','0.0','0.3','102'
'Thursday','July','14','2016','05:05:00','33.0','0.9','1.9','56.9','66.4','141.4','11.7','3.1','12.4','6.4','27.2','738','322','111','77','9','0.0','0.3','72'
'Thursday','July','14','2016','05:25:00','34.3','0.8','1.6','53.2','58.4','127.2','11.6','2.2','11.3','5.1','27.2','738','322','111','77','9','0.0','0.3','72'
'Thursday','July','14','2016','05:55:00','32.8','0.7','1.6','49.8','57.7','123.2','10.4','1.8','NA','4.0','27.3','738','322','111','78','10','0.0','0.4','124'
'Thursday','July','14','2016','06:05:00','31.3','0.7','1.6','50.3','59.4','125.9','11.0','1.8','7.4','4.1','27.4','738','205','100','77','13','0.0','0.8','153'
'Thursday','July','14','2016','06:25:00','30.9','0.7','1.2','52.9','30.6','88.8','10.9','1.7','5.1','3.9','27.6','738','205','100','77','29','0.0','0.8','145'
'Thursday','July','14','2016','06:35:00','31.1','0.7','1.1','52.0','25.2','80.8','8.6','1.6','1.5','3.7','27.6','738','205','100','77','31','0.0','0.9','134'
'Thursday','July','14','2016','06:50:00','29.3','0.6','1.1','50.6','17.6','69.2','8.9','1.5','3.7','3.2','27.6','738','205','100','77','31','0.0','0.9','134'
'Thursday','July','14','2016','07:05:00','27.2','0.4','1.1','48.6','18.4','68.4','9.1','1.2','2.4','3.1','27.7','738','135','74','77','52','0.0','1.0','162'
'Thursday','July','14','2016','07:35:00','29.3','0.4','1.0','47.5','16.6','65.0','9.6','1.0','4.7','3.2','27.8','738','135','74','77','71','0.0','1.3','139'
'Thursday','July','14','2016','07:35:00','29.3','0.4','1.0','47.5','16.6','65.0','9.6','1.0','4.7','3.2','27.9','738','135','74','77','63','0.0','0.9','147'
'Thursday','July','14','2016','07:55:00','27.1','0.3','1.0','44.2','9.1','51.8','7.9','1.0','3.0','2.8','27.8','738','135','74','77','38','0.1','1.4','172'
'Thursday','July','14','2016','08:05:00','27.1','0.3','1.0','42.7','8.6','49.8','11.6','0.9','0.8','2.4','27.8','738','122','61','77','42','0.1','1.2','147'
'Thursday','July','14','2016','08:25:00','25.2','0.3','1.4','41.1','12.0','53.1','8.3','0.8','4.9','1.9','27.8','738','122','61','77','42','0.0','1.2','162'
'Thursday','July','14','2016','08:35:00','28.6','0.3','1.3','47.5','13.2','60.4','8.4','0.7','5.8','1.7','27.9','738','122','61','77','28','0.0','1.6','152'
'Thursday','July','14','2016','09:05:00','31.1','0.3','1.2','35.8','5.0','38.7','7.5','0.8','5.9','1.6','27.7','738','122','61','76','72','0.2','2.3','174'
'Thursday','July','14','2016','09:05:00','31.1','0.3','1.2','35.8','5.0','38.7','7.5','0.8','5.9','1.6','27.9','738','133','88','75','106','0.1','1.7','149'
'Thursday','July','14','2016','09:25:00','35.4','0.2','1.2','34.2','4.4','36.5','8.0','0.7','3.7','1.2','28.4','738','133','88','74','200','0.0','1.3','150'
'Thursday','July','14','2016','09:35:00','40.4','0.2','1.2','34.2','5.1','37.4','7.9','0.6','5.1','1.2','28.9','738','133','88','72','236','0.0','1.2','184'
'Thursday','July','14','2016','09:45:00','40.8','0.2','1.2','34.9','5.1','38.1','8.7','0.5','2.0','1.2','29.4','738','133','88','71','271','0.0','1.4','164'
'Thursday','July','14','2016','10:10:00','37.8','0.3','1.3','37.4','4.9','40.0','8.4','0.5','5.7','1.2','29.4','738','58','15','69','119','0.1','1.8','138'
'Thursday','July','14','2016','10:25:00','41.6','0.3','1.3','37.9','7.5','44.1','7.9','0.3','6.7','1.2','29.0','738','58','15','69','129','0.0','1.6','121'
'Thursday','July','14','2016','10:35:00','45.6','0.3','1.2','34.0','4.5','36.4','8.3','0.5','3.4','1.4','29.0','738','58','15','69','187','0.1','1.3','166'
'Thursday','July','14','2016','11:05:00','41.1','0.3','1.2','35.5','4.5','37.7','8.6','0.9','5.4','1.7','29.1','738','58','15','70','211','0.0','0.8','146'
'Thursday','July','14','2016','11:05:00','41.1','0.3','1.2','35.5','4.5','37.7','8.6','0.9','5.4','1.7','29.5','738','83','8','68','302','0.0','2.1','165'
'Thursday','July','14','2016','11:25:00','40.5','0.4','1.2','34.3','4.3','36.4','9.0','0.7','5.7','2.1','31.8','738','83','8','61','402','0.0','2.0','152'
'Thursday','July','14','2016','11:35:00','40.7','0.3','1.2','35.0','4.4','37.2','9.4','0.7','3.9','1.9','33.1','738','83','8','58','406','-0.1','1.0','133'
'Thursday','July','14','2016','12:00:00','34.3','0.2','1.3','34.6','3.5','35.6','9.6','0.7','NA','1.4','33.9','738','83','8','53','388','0.0','1.3','138'
'Thursday','July','14','2016','12:10:00','35.1','0.3','1.2','37.3','3.4','37.9','9.3','0.7','6.7','2.0','33.6','738','77','28','54','347','0.0','1.1','139'
'Thursday','July','14','2016','12:25:00','35.5','0.3','1.1','35.3','2.7','35.2','8.7','0.6','14.9','1.8','33.8','738','77','28','54','269','0.1','2.2','174'
'Thursday','July','14','2016','12:30:00','35.1','0.3','1.0','35.5','2.3','34.9','9.2','0.6','14.7','1.8','33.0','738','77','28','55','272','0.1','1.9','163'
'Thursday','July','14','2016','12:30:00','35.1','0.3','1.0','35.5','2.3','34.9','9.2','0.6','14.7','1.8','33.0','738','77','28','55','272','0.1','1.9','163'
'Thursday','July','14','2016','12:30:00','35.1','0.3','1.0','35.5','2.3','34.9','9.2','0.6','14.7','1.8','33.0','738','77','28','55','272','0.1','1.9','163'
'Thursday','July','14','2016','13:20:00','28.1','0.5','1.2','54.8','3.0','52.9','21.3','0.7','10.8','3.3','34.7','738','90','11','50','291','0.1','1.4','81'
'Thursday','July','14','2016','13:35:00','25.2','0.6','1.3','68.5','9.6','74.1','23.2','0.9','14.7','3.2','34.2','738','90','11','51','288','-0.1','1.2','141'
'Thursday','July','14','2016','13:45:00','25.0','0.6','1.0','47.2','2.4','45.3','25.7','0.9','13.5','3.2','34.9','738','90','11','49','271','0.0','1.0','115'
'Thursday','July','14','2016','13:45:00','25.0','0.6','1.0','47.2','2.4','45.3','25.7','0.9','13.5','3.2','34.9','738','90','11','49','271','0.0','1.0','115'
'Thursday','July','14','2016','14:25:00','21.7','0.5','1.1','69.4','8.0','72.9','31.7','1.1','14.2','2.6','35.1','738','117','53','47','242','0.1','1.7','58'
'Thursday','July','14','2016','14:35:00','22.4','0.5','1.0','63.1','4.7','62.6','35.7','0.9','14.9','2.8','34.7','738','117','53','48','213','0.0','1.4','77'
'Thursday','July','14','2016','14:55:00','23.3','0.4','1.0','46.0','1.3','42.7','38.3','0.7','18.9','2.5','33.9','738','117','53','50','157','0.0','0.7','105'
