'Tuesday','July','12','2016','12:30:00','16.1','0.5','0.8','15.3','1.7','15.9','22.1','0.5','6.9','2.9','31.4','734','35','18','61','105','0.0','0.8','100'
'Tuesday','July','12','2016','12:40:00','13.4','0.4','0.8','26.0','1.1','24.7','25.1','0.4','4.9','2.6','30.4','734','35','18','70','297','-0.1','0.8','80'
'Tuesday','July','12','2016','12:40:00','13.4','0.4','0.8','26.0','1.1','24.7','25.1','0.4','4.9','2.6','30.4','734','35','18','70','297','-0.1','0.8','80'
'Tuesday','July','12','2016','12:40:00','13.4','0.4','0.8','26.0','1.1','24.7','25.1','0.4','4.9','2.6','30.4','734','35','18','70','297','-0.1','0.8','80'
'Tuesday','July','12','2016','12:55:00','21.3','0.5','0.8','66.8','16.4','81.8','28.3','0.2','4.0','2.6','31.1','733','44','16','70','249','0.0','1.7','78'
'Tuesday','July','12','2016','12:55:00','21.3','0.5','0.8','66.8','16.4','81.8','28.3','0.2','4.0','2.6','31.1','733','44','16','70','249','0.0','1.7','78'
'Tuesday','July','12','2016','13:10:00','36.0','0.7','0.8','73.3','7.3','75.3','42.2','0.0','5.4','3.1','29.9','733','44','16','73','184','0.2','1.9','103'
'Tuesday','July','12','2016','13:10:00','36.0','0.7','0.8','73.3','7.3','75.3','42.2','0.0','5.4','3.1','29.9','733','44','16','73','184','0.2','1.9','103'
'Tuesday','July','12','2016','13:10:00','36.0','0.7','0.8','73.3','7.3','75.3','42.2','0.0','5.4','3.1','29.4','733','44','16','74','225','0.0','0.9','166'
'Tuesday','July','12','2016','13:10:00','36.0','0.7','0.8','73.3','7.3','75.3','42.2','0.0','5.4','3.1','29.4','733','44','16','74','225','0.0','0.9','166'
'Tuesday','July','12','2016','13:30:00','49.7','3.1','0.8','72.5','5.2','71.7','41.3','2.8','4.6','13.5','29.2','734','44','16','74','142','0.2','0.8','236'
'Tuesday','July','12','2016','13:30:00','49.7','3.1','0.8','72.5','5.2','71.7','41.3','2.8','4.6','13.5','29.2','734','44','16','74','142','0.2','0.8','236'
'Tuesday','July','12','2016','13:30:00','49.7','3.1','0.8','72.5','5.2','71.7','41.3','2.8','4.6','13.5','29.3','734','44','16','75','352','0.0','1.8','238'
'Tuesday','July','12','2016','14:00:00','43.3','3.8','0.8','61.0','5.5','61.8','41.7','3.2','5.1','16.5','27.7','733','188','49','76','11','0.0','2.3','107'
'Tuesday','July','12','2016','14:10:00','36.4','3.8','0.8','58.6','4.8','58.8','41.3','3.0','6.3','16.4','26.6','733','188','49','78','21','-0.1','2.3','136'
'Tuesday','July','12','2016','14:25:00','32.8','2.8','0.8','60.2','7.7','64.2','33.6','2.5','4.6','13.8','26.2','733','188','49','80','11','-0.2','2.3','182'
'Tuesday','July','12','2016','14:40:00','31.0','3.7','0.8','42.5','3.3','42.3','35.4','2.6','4.3','16.2','25.4','733','188','49','82','74','-0.5','2.9','241'
'Tuesday','July','12','2016','15:00:00','30.9','2.0','0.8','39.2','6.0','43.1','31.3','1.8','6.0','11.0','26.2','733','88','37','83','182','-0.2','1.3','155'
'Tuesday','July','12','2016','15:00:00','30.9','2.0','0.8','39.2','6.0','43.1','31.3','1.8','6.0','11.0','26.1','733','88','37','82','77','-0.4','2.0','305'
'Tuesday','July','12','2016','15:30:00','26.4','1.2','0.8','32.8','4.1','34.8','36.9','1.1','3.1','7.7','25.3','733','88','37','82','66','0.0','2.2','276'
'Tuesday','July','12','2016','15:40:00','25.5','1.3','0.8','29.1','3.4','30.6','38.2','1.0','4.6','8.0','25.3','733','88','37','83','41','-0.1','1.7','212'
'Tuesday','July','12','2016','16:00:00','26.1','0.9','0.8','23.2','2.5','24.1','39.0','0.8','5.1','5.9','25.0','733','NA','NA','83','116','-0.1','0.4','272'
'Tuesday','July','12','2016','16:10:00','25.9','0.8','0.8','21.7','2.7','23.1','33.8','0.6','5.7','5.1','25.3','734','NA','NA','83','159','-0.1','0.5','214'
'Tuesday','July','12','2016','16:20:00','22.7','0.5','0.8','33.7','6.1','38.4','4.1','0.7','7.2','3.5','25.9','734','NA','NA','82','158','-0.1','0.3','78'
'Tuesday','July','12','2016','16:20:00','22.7','0.5','0.8','33.7','6.1','38.4','4.1','0.7','7.2','3.5','26.9','735','NA','NA','80','60','0.1','2.4','146'
'Tuesday','July','12','2016','17:00:00','19.1','1.0','0.8','45.8','14.4','60.6','21.4','1.9','13.2','5.8','25.7','735','17','39','81','43','0.0','1.1','108'
'Tuesday','July','12','2016','17:10:00','19.9','1.2','0.8','35.8','3.3','36.3','19.8','2.2','13.2','6.3','25.6','735','17','39','81','43','-0.1','0.4','307'
'Tuesday','July','12','2016','17:15:00','18.8','1.0','0.8','34.1','3.4','35.0','19.1','2.1','12.3','6.0','25.6','735','17','39','81','46','-0.1','0.3','314'
'Tuesday','July','12','2016','17:40:00','15.8','0.8','0.8','47.8','29.7','83.2','19.3','2.1','12.6','5.8','25.8','735','17','39','82','35','0.0','0.3','143'
'Tuesday','July','12','2016','17:40:00','15.8','0.8','0.8','47.8','29.7','83.2','19.3','2.1','12.6','5.8','25.8','735','17','39','82','35','0.0','0.3','143'
'Tuesday','July','12','2016','17:40:00','15.8','0.8','0.8','47.8','29.7','83.2','19.3','2.1','12.6','5.8','25.8','735','20','27','82','20','-0.1','0.3','258'
'Tuesday','July','12','2016','18:30:00','8.1','1.6','0.8','43.1','49.9','106.6','19.4','3.3','10.0','7.4','25.8','735','20','27','82','17','0.0','0.3','300'
'Tuesday','July','12','2016','18:40:00','11.1','1.7','0.8','47.6','62.3','127.5','18.2','3.4','9.7','7.6','25.8','735','20','27','82','20','-0.1','0.3','276'
'Tuesday','July','12','2016','19:00:00','7.4','3.0','0.8','37.9','85.9','151.0','18.9','6.1','12.3','11.9','25.7','735','31','15','82','13','-0.1','0.3','107'
'Tuesday','July','12','2016','19:10:00','4.3','3.3','0.8','59.5','80.8','163.3','20.6','6.7','13.4','12.8','25.5','734','31','15','82','6','-0.1','0.3','158'
'Tuesday','July','12','2016','19:30:00','2.6','3.5','0.8','63.9','74.0','157.9','22.1','7.1','14.0','12.2','25.5','735','31','15','82','3','-0.1','0.3','269'
'Tuesday','July','12','2016','19:30:00','2.6','3.5','0.8','63.9','74.0','157.9','22.1','7.1','14.0','12.2','25.5','735','31','15','82','3','-0.1','0.3','282'
'Tuesday','July','12','2016','19:35:00','2.8','2.9','0.8','61.6','69.0','149.1','23.9','7.0','14.0','12.1','25.5','735','31','15','82','3','-0.1','0.3','282'
'Tuesday','July','12','2016','20:10:00','2.8','2.8','0.8','64.2','133.8','239.9','31.1','7.2','16.3','12.4','25.5','735','81','24','83','3','-0.1','0.3','292'
'Tuesday','July','12','2016','20:30:00','15.0','4.8','0.8','44.8','172.1','275.0','29.0','9.3','17.7','16.9','25.7','734','81','24','83','3','-0.1','0.3','297'
'Tuesday','July','12','2016','20:40:00','22.5','5.1','0.8','51.1','183.0','295.5','28.4','9.5','17.7','17.4','25.7','734','81','24','83','3','-0.1','0.3','285'
'Tuesday','July','12','2016','21:00:00','26.9','5.0','0.8','45.9','208.6','325.8','26.4','9.7','18.0','17.8','25.6','734','122','37','83','3','-0.1','0.3','152'
'Tuesday','July','12','2016','21:10:00','30.0','4.7','0.8','56.9','226.9','360.5','28.4','9.7','20.0','17.5','25.6','733','122','37','84','3','-0.1','0.3','304'
'Tuesday','July','12','2016','21:30:00','34.7','4.8','0.8','51.7','255.4','394.8','28.4','10.2','22.6','17.3','25.6','733','122','37','84','3','-0.1','0.3','295'
'Tuesday','July','12','2016','21:40:00','34.5','5.0','0.8','51.4','266.8','410.1','30.5','10.5','23.7','17.5','25.7','734','122','37','84','3','-0.1','0.3','309'
'Tuesday','July','12','2016','22:00:00','36.0','5.9','0.8','57.7','268.8','418.6','32.1','11.5','26.6','19.4','25.9','733','205','48','84','2','-0.1','0.3','314'
'Tuesday','July','12','2016','22:10:00','36.4','5.9','0.8','60.6','266.2','417.4','30.5','11.3','28.0','19.3','26.0','733','205','48','84','3','-0.2','0.3','241'
'Tuesday','July','12','2016','22:30:00','39.7','6.1','0.8','67.8','253.1','406.0','29.6','12.7','27.7','20.2','25.7','734','205','48','84','3','-0.1','0.3','326'
'Tuesday','July','12','2016','22:40:00','44.6','6.1','0.8','61.5','214.0','347.0','25.2','12.7','29.5','20.3','25.6','734','205','48','84','3','-0.1','0.3','317'
'Tuesday','July','12','2016','23:00:00','46.1','4.9','0.8','59.4','204.3','331.9','16.5','11.0','29.5','18.5','25.5','734','191','88','84','4','-0.1','0.3','288'
'Tuesday','July','12','2016','23:10:00','45.3','4.8','0.8','60.0','203.2','330.9','26.9','10.9','31.5','18.4','25.6','733','191','88','84','2','-0.1','0.3','299'
'Tuesday','July','12','2016','23:30:00','43.0','4.6','0.8','55.3','205.6','330.1','26.3','10.0','28.6','17.9','25.8','734','191','88','84','3','-0.1','0.3','223'
'Tuesday','July','12','2016','23:40:00','45.5','4.6','0.8','46.1','198.1','311.6','25.3','10.0','26.6','17.9','25.5','734','191','88','84','4','-0.1','0.3','221'
'Wednesday','July','13','2016','00:00:00','38.8','5.1','0.8','53.1','177.8','290.1','26.4','10.4','NA','19.3','25.7','734','141','61','85','3','-0.1','0.3','285'
'Wednesday','July','13','2016','00:10:00','39.4','5.1','0.8','43.0','171.9','273.0','22.1','10.4','23.2','19.3','25.6','733','141','61','85','3','-0.1','0.3','276'
'Wednesday','July','13','2016','00:30:00','33.6','6.3','0.8','53.8','156.8','262.0','7.4','11.7','18.3','25.5','25.5','734','141','61','85','3','-0.1','0.3','280'
'Wednesday','July','13','2016','00:40:00','30.9','6.3','0.8','55.9','154.9','261.3','16.0','11.8','20.6','25.6','25.5','735','141','61','85','3','-0.1','0.3','286'
'Wednesday','July','13','2016','01:00:00','25.8','7.0','0.8','55.2','156.9','263.5','28.7','13.0','23.7','28.8','25.6','735','94','75','85','3','-0.1','0.3','154'
'Wednesday','July','13','2016','01:10:00','23.9','7.0','0.8','55.4','159.6','267.3','27.8','13.0','23.2','28.8','25.6','735','94','75','85','3','-0.1','0.3','320'
'Wednesday','July','13','2016','01:30:00','21.0','8.5','0.8','51.0','171.3','279.3','28.2','14.0','27.2','32.4','25.6','735','94','75','85','3','-0.1','0.3','296'
'Wednesday','July','13','2016','01:40:00','19.9','8.5','0.8','42.4','178.8','281.9','29.1','14.0','28.0','32.4','25.6','735','94','75','85','3','-0.1','0.3','296'
'Wednesday','July','13','2016','01:55:00','19.2','9.3','0.8','41.0','179.2','281.1','29.9','15.1','29.2','34.3','25.6','735','162','77','85','3','-0.1','0.3','309'
'Wednesday','July','13','2016','02:05:00','18.4','8.7','0.8','44.1','173.6','276.4','28.7','14.6','28.3','33.0','25.6','735','162','77','85','3','-0.1','0.3','309'
'Wednesday','July','13','2016','02:25:00','16.9','8.3','0.8','48.7','164.1','267.5','28.5','14.5','26.0','31.9','25.7','735','162','77','85','2','-0.1','0.3','287'
'Wednesday','July','13','2016','02:35:00','16.5','8.0','0.8','51.3','155.1','257.6','26.7','14.3','25.5','32.1','25.7','735','162','77','85','2','-0.1','0.3','287'
'Wednesday','July','13','2016','03:00:00','19.3','7.7','0.8','46.1','124.5','211.1','32.9','12.6','23.7','30.7','25.6','735','139','52','85','4','-0.1','0.3','225'
'Wednesday','July','13','2016','03:05:00','20.9','7.7','0.8','42.7','119.3','200.9','32.9','12.6','23.2','30.7','25.6','735','139','52','85','4','-0.1','0.3','225'
'Wednesday','July','13','2016','03:30:00','23.9','6.8','0.8','43.2','96.9','170.8','29.3','11.5','21.5','28.5','25.7','734','139','52','85','2','0.0','0.3','199'
'Wednesday','July','13','2016','03:35:00','24.3','6.8','0.8','41.8','95.9','168.1','29.7','11.5','19.4','28.5','25.7','734','139','52','85','2','0.0','0.3','199'
'Wednesday','July','13','2016','03:55:00','25.1','6.3','0.8','46.3','87.7','160.9','27.1','10.6','17.4','27.3','25.6','734','134','84','85','4','-0.1','0.3','157'
'Wednesday','July','13','2016','04:05:00','25.7','5.8','0.8','51.3','83.4','159.6','29.5','9.7','16.9','25.1','25.6','734','134','84','85','4','-0.1','0.3','157'
'Wednesday','July','13','2016','04:30:00','35.3','4.6','0.8','36.1','82.5','144.9','30.1','7.5','6.3','23.0','25.6','734','134','84','85','3','0.0','0.3','160'
'Wednesday','July','13','2016','04:35:00','34.6','4.6','0.8','33.6','82.8','143.0','29.7','7.5','5.4','23.0','25.6','734','134','84','85','3','0.0','0.3','160'
'Wednesday','July','13','2016','05:05:00','43.5','3.7','0.8','29.4','69.4','121.0','29.0','5.7','NA','19.7','25.6','734','113','48','85','3','-0.1','0.3','199'
'Wednesday','July','13','2016','05:05:00','43.5','3.7','0.8','29.4','69.4','121.0','29.0','5.7','NA','19.7','25.6','734','113','48','85','3','-0.1','0.3','199'
'Wednesday','July','13','2016','05:35:00','46.2','3.1','0.8','29.2','65.7','115.7','26.9','4.6','NA','17.9','25.5','734','113','48','85','5','-0.1','0.3','297'
'Wednesday','July','13','2016','05:35:00','46.2','3.1','0.8','29.2','65.7','115.7','26.9','4.6','NA','17.9','25.5','734','113','48','85','5','-0.1','0.3','297'
'Wednesday','July','13','2016','06:05:00','47.7','2.8','0.8','30.9','99.5','163.4','26.9','4.0','NA','17.1','25.7','733','161','44','85','23','0.0','0.3','140'
'Wednesday','July','13','2016','06:05:00','47.7','2.8','0.8','30.9','99.5','163.4','26.9','4.0','NA','17.1','25.7','733','161','44','85','23','0.0','0.3','140'
'Wednesday','July','13','2016','06:25:00','46.5','2.8','0.8','38.1','29.0','73.6','22.9','4.4','4.6','17.0','27.1','733','161','44','81','80','0.1','1.7','149'
'Wednesday','July','13','2016','06:40:00','36.5','2.5','0.8','38.6','45.1','95.9','22.7','3.9','6.6','15.9','27.1','733','161','44','81','80','0.1','1.7','149'
'Wednesday','July','13','2016','07:05:00','37.3','1.6','0.8','37.6','11.6','49.3','24.0','2.6','6.0','10.4','28.9','733','269','76','74','140','0.0','1.3','169'
'Wednesday','July','13','2016','07:05:00','37.3','1.6','0.8','37.6','11.6','49.3','24.0','2.6','6.0','10.4','28.9','733','269','76','74','140','0.0','1.3','169'
'Wednesday','July','13','2016','07:35:00','31.7','1.6','0.8','43.8','16.3','61.3','24.3','3.3','3.4','8.4','30.0','733','269','76','67','109','0.3','2.8','141'
'Wednesday','July','13','2016','07:35:00','31.7','1.6','0.8','43.8','16.3','61.3','24.3','3.3','3.4','8.4','30.0','733','269','76','67','109','0.3','2.8','141'
'Wednesday','July','13','2016','07:55:00','27.3','1.3','0.8','42.9','19.3','64.6','26.8','2.4','3.1','6.5','29.8','733','269','76','67','251','0.0','2.3','144'
'Wednesday','July','13','2016','08:10:00','26.5','1.1','0.8','35.9','10.0','45.7','24.1','2.2','1.4','5.8','30.7','733','NA','18','65','291','0.0','1.2','175'
'Wednesday','July','13','2016','08:35:00','26.6','1.1','0.8','38.2','10.0','47.7','6.2','2.1','6.3','5.8','30.7','734','NA','18','64','340','0.2','2.1','164'
'Wednesday','July','13','2016','08:35:00','26.6','1.1','0.8','38.2','10.0','47.7','6.2','2.1','6.3','5.8','30.7','734','NA','18','64','340','0.2','2.1','164'
'Wednesday','July','13','2016','09:05:00','17.5','0.9','0.8','47.3','10.1','55.9','NA','2.3','8.3','6.1','31.3','734','19','31','63','316','0.2','1.8','149'
'Wednesday','July','13','2016','09:05:00','17.5','0.9','0.8','47.3','10.1','55.9','NA','2.3','8.3','6.1','31.3','734','19','31','63','316','0.2','1.8','149'
'Wednesday','July','13','2016','09:25:00','16.9','0.9','0.8','45.6','7.2','50.5','NA','2.1','5.4','5.8','30.3','734','19','31','65','190','0.1','1.9','133'
'Wednesday','July','13','2016','09:40:00','15.9','0.9','0.8','44.1','6.5','48.1','20.3','1.9','6.9','4.9','30.9','734','19','31','63','188','0.1','1.4','210'
'Wednesday','July','13','2016','10:05:00','NA','0.7','NA','NA','NA','NA','19.5','1.6','NA','3.9','33.0','734','102','61','56','388','0.0','2.7','170'
'Wednesday','July','13','2016','10:05:00','NA','0.7','NA','NA','NA','NA','19.5','1.6','NA','3.9','33.0','734','102','61','56','388','0.0','2.7','170'
'Wednesday','July','13','2016','10:35:00','24.7','0.7','NA','NA','NA','NA','18.2','1.8','NA','3.8','33.8','734','102','61','53','364','0.0','1.4','216'
'Wednesday','July','13','2016','10:35:00','24.7','0.7','NA','NA','NA','NA','18.2','1.8','NA','3.8','33.8','734','102','61','53','364','0.0','1.4','216'
'Wednesday','July','13','2016','11:00:00','18.7','0.7','0.8','41.1','8.2','47.8','21.6','1.2','5.1','3.0','32.1','734','39','20','58','332','0.1','1.7','145'
'Wednesday','July','13','2016','11:00:00','18.7','0.7','0.8','41.1','8.2','47.8','21.6','1.2','5.1','3.0','32.1','734','39','20','58','332','0.1','1.7','145'
'Wednesday','July','13','2016','11:35:00','23.7','0.7','0.7','47.4','6.7','51.4','20.0','1.4','1.1','3.2','33.4','736','39','20','54','403','-0.1','1.7','224'
'Wednesday','July','13','2016','11:35:00','23.7','0.7','0.7','47.4','6.7','51.4','20.0','1.4','1.1','3.2','33.4','736','39','20','54','403','-0.1','1.7','224'
'Wednesday','July','13','2016','12:05:00','19.5','0.7','0.9','59.0','5.5','60.1','18.5','1.7','2.0','3.7','32.8','735','51','22','54','170','0.0','1.0','151'
'Wednesday','July','13','2016','12:05:00','19.5','0.7','0.9','59.0','5.5','60.1','18.5','1.7','2.0','3.7','32.8','735','51','22','54','170','0.0','1.0','151'
'Wednesday','July','13','2016','12:35:00','32.1','0.6','1.3','49.5','18.1','68.9','22.4','1.1','4.3','2.8','30.7','734','51','22','64','139','0.0','1.3','140'
'Wednesday','July','13','2016','12:35:00','32.1','0.6','1.3','49.5','18.1','68.9','22.4','1.1','4.3','2.8','30.7','734','51','22','64','139','0.0','1.3','140'
'Wednesday','July','13','2016','13:05:00','51.9','1.6','1.4','60.7','29.3','94.2','22.9','2.8','4.6','6.5','31.6','734','67','11','64','295','-0.1','1.2','158'
'Wednesday','July','13','2016','13:05:00','51.9','1.6','1.4','60.7','29.3','94.2','22.9','2.8','4.6','6.5','31.6','734','67','11','64','295','-0.1','1.2','158'
'Wednesday','July','13','2016','13:35:00','61.7','1.8','0.8','42.8','8.7','50.1','28.7','3.3','2.6','7.8','33.5','734','67','11','54','324','-0.1','2.7','155'
'Wednesday','July','13','2016','13:35:00','61.7','1.8','0.8','42.8','8.7','50.1','28.7','3.3','2.6','7.8','33.5','734','67','11','54','324','-0.1','2.7','155'
'Wednesday','July','13','2016','14:05:00','42.6','0.9','1.0','59.6','11.8','69.2','32.6','1.6','2.9','5.0','32.4','734','80','6','59','364','-0.2','1.5','141'
'Wednesday','July','13','2016','14:05:00','42.6','0.9','1.0','59.6','11.8','69.2','32.6','1.6','2.9','5.0','32.4','734','80','6','59','364','-0.2','1.5','141'
'Wednesday','July','13','2016','14:35:00','43.9','1.3','0.8','48.8','8.3','54.8','44.9','2.1','2.0','6.9','34.0','734','80','6','55','326','-0.2','1.6','191'
'Wednesday','July','13','2016','14:35:00','43.9','1.3','0.8','48.8','8.3','54.8','44.9','2.1','2.0','6.9','34.0','734','80','6','55','326','-0.2','1.6','191'
'Wednesday','July','13','2016','15:05:00','36.9','1.4','0.7','48.0','5.1','49.7','61.3','2.2','1.1','7.1','34.6','734','128','42','54','389','-0.2','1.6','132'
'Wednesday','July','13','2016','15:05:00','36.9','1.4','0.7','48.0','5.1','49.7','61.3','2.2','1.1','7.1','34.6','734','128','42','54','389','-0.2','1.6','132'
'Wednesday','July','13','2016','15:35:00','32.6','1.2','0.8','37.1','7.7','43.6','39.4','1.6','1.1','6.1','31.6','734','128','42','58','41','0.2','4.3','152'
'Wednesday','July','13','2016','15:35:00','32.6','1.2','0.8','37.1','7.7','43.6','39.4','1.6','1.1','6.1','31.6','734','128','42','58','41','0.2','4.3','152'
'Wednesday','July','13','2016','16:05:00','25.3','0.9','0.8','53.5','5.8','55.5','34.1','1.7','1.4','5.5','26.9','733','118','28','80','57','0.0','0.5','95'
'Wednesday','July','13','2016','16:05:00','25.3','0.9','0.8','53.5','5.8','55.5','34.1','1.7','1.4','5.5','26.9','733','118','28','80','57','0.0','0.5','95'
'Wednesday','July','13','2016','16:35:00','26.0','0.7','1.2','54.0','6.4','56.8','7.9','1.2','5.7','3.8','27.3','735','118','28','81','32','-0.2','1.1','269'
'Wednesday','July','13','2016','16:35:00','26.0','0.7','1.2','54.0','6.4','56.8','7.9','1.2','5.7','3.8','27.3','735','118','28','81','32','-0.2','1.1','269'
'Wednesday','July','13','2016','17:05:00','15.2','1.0','0.9','61.9','4.9','61.9','17.6','2.3','8.9','5.6','26.6','735','35','54','81','7','-0.3','2.4','295'
'Wednesday','July','13','2016','17:05:00','15.2','1.0','0.9','61.9','4.9','61.9','17.6','2.3','8.9','5.6','26.6','735','35','54','81','7','-0.3','2.4','295'
'Wednesday','July','13','2016','17:35:00','14.5','0.9','0.9','49.7','4.2','50.1','18.4','2.3','9.4','6.7','25.4','735','35','54','83','16','-0.3','2.4','276'
'Wednesday','July','13','2016','17:35:00','14.5','0.9','0.9','49.7','4.2','50.1','18.4','2.3','9.4','6.7','25.4','735','35','54','83','16','-0.3','2.4','276'
'Wednesday','July','13','2016','18:05:00','4.4','0.8','1.1','65.1','6.1','66.4','16.8','2.3','9.4','5.1','25.0','735','24','23','83','22','-0.1','0.9','259'
'Wednesday','July','13','2016','18:05:00','4.4','0.8','1.1','65.1','6.1','66.4','16.8','2.3','9.4','5.1','25.0','735','24','23','83','22','-0.1','0.9','259'
'Wednesday','July','13','2016','18:35:00','4.7','0.9','1.6','74.5','31.5','109.4','15.7','1.9','8.0','5.0','25.0','735','24','23','83','20','-0.1','0.7','278'
'Wednesday','July','13','2016','18:35:00','4.7','0.9','1.6','74.5','31.5','109.4','15.7','1.9','8.0','5.0','25.0','735','24','23','83','20','-0.1','0.7','278'
'Wednesday','July','13','2016','18:55:00','NA','1.9','1.7','61.1','35.8','103.4','21.3','4.6','7.2','9.0','25.2','735','19','NA','82','14','-0.1','0.3','299'
'Wednesday','July','13','2016','19:10:00','NA','2.0','2.2','81.7','59.3','153.8','21.5','4.7','10.6','8.7','25.2','735','19','NA','82','14','-0.1','0.3','299'
'Wednesday','July','13','2016','19:35:00','NA','2.8','1.6','110.4','34.9','146.1','20.1','5.8','10.3','11.1','25.1','735','19','NA','82','4','-0.1','0.3','203'
'Wednesday','July','13','2016','19:35:00','NA','2.8','1.6','110.4','34.9','146.1','20.1','5.8','10.3','11.1','25.1','735','19','NA','82','4','-0.1','0.3','203'
'Wednesday','July','13','2016','20:05:00','23.4','4.4','2.4','103.7','91.3','217.0','24.4','6.0','13.4','15.5','25.2','735','74','29','82','3','-0.1','0.4','306'
'Wednesday','July','13','2016','20:05:00','23.4','4.4','2.4','103.7','91.3','217.0','24.4','6.0','13.4','15.5','25.2','735','74','29','82','3','-0.1','0.4','306'
'Wednesday','July','13','2016','20:25:00','42.1','4.2','3.1','68.3','148.6','263.8','23.0','6.8','14.0','16.3','25.5','734','74','29','83','2','-0.1','0.3','247'
'Wednesday','July','13','2016','20:40:00','39.1','4.5','2.8','77.2','162.0','289.9','23.6','7.2','14.0','16.5','25.3','734','74','29','83','3','-0.1','0.3','146'
'Wednesday','July','13','2016','21:05:00','49.1','4.8','4.0','73.0','185.3','318.1','27.4','9.3','14.9','17.9','25.5','734','146','21','84','3','-0.1','0.4','306'
'Wednesday','July','13','2016','21:05:00','49.1','4.8','4.0','73.0','185.3','318.1','27.4','9.3','14.9','17.9','25.5','734','146','21','84','3','-0.1','0.4','306'
'Wednesday','July','13','2016','21:35:00','64.3','5.3','3.2','78.1','165.5','295.6','24.8','9.3','16.6','18.9','25.5','733','146','21','84','3','-0.1','0.3','132'
'Wednesday','July','13','2016','21:35:00','64.3','5.3','3.2','78.1','165.5','295.6','24.8','9.3','16.6','18.9','25.5','733','146','21','84','3','-0.1','0.3','132'
'Wednesday','July','13','2016','21:55:00','77.0','4.8','3.1','90.0','170.7','313.3','21.7','9.6','18.3','18.2','25.4','734','146','21','84','3','-0.1','0.3','280'
'Wednesday','July','13','2016','22:10:00','77.6','4.5','3.3','80.9','166.3','299.1','24.3','9.1','20.9','17.7','25.5','733','174','49','84','3','-0.1','0.3','271'
'Wednesday','July','13','2016','22:35:00','85.3','4.7','3.3','73.9','162.9','288.2','24.2','9.5','21.5','18.5','25.5','734','174','49','84','3','-0.1','0.4','278'
'Wednesday','July','13','2016','22:35:00','85.3','4.7','3.3','73.9','162.9','288.2','24.2','9.5','21.5','18.5','25.5','734','174','49','84','3','-0.1','0.4','278'
'Wednesday','July','13','2016','23:05:00','64.0','5.0','3.9','45.5','223.0','345.1','25.6','10.0','22.9','19.2','25.5','733','182','60','84','3','-0.1','0.5','158'
'Wednesday','July','13','2016','23:05:00','64.0','5.0','3.9','45.5','223.0','345.1','25.6','10.0','22.9','19.2','25.5','733','182','60','84','3','-0.1','0.5','158'
'Wednesday','July','13','2016','23:25:00','39.5','5.1','4.0','52.5','253.0','392.3','25.8','10.2','25.7','19.7','25.7','733','182','60','85','3','-0.1','0.4','288'
'Wednesday','July','13','2016','23:40:00','41.2','5.3','3.8','48.0','214.3','335.3','24.7','10.9','25.5','20.3','25.7','733','182','60','85','3','-0.1','0.4','294'
'Thursday','July','14','2016','00:05:00','35.2','5.3','4.0','46.9','214.9','335.2','26.0','11.5','26.6','20.8','25.7','733','193','81','85','3','-0.1','0.3','304'
'Thursday','July','14','2016','00:05:00','35.2','5.3','4.0','46.9','214.9','335.2','26.0','11.5','26.6','20.8','25.7','733','193','81','85','3','-0.1','0.3','304'
'Thursday','July','14','2016','00:35:00','30.5','5.4','4.3','43.1','219.0','337.4','11.2','11.9','22.9','20.9','25.6','735','193','81','85','3','-0.1','0.3','348'
'Thursday','July','14','2016','00:35:00','30.5','5.4','4.3','43.1','219.0','337.4','11.2','11.9','22.9','20.9','25.6','735','193','81','85','3','-0.1','0.3','348'
'Thursday','July','14','2016','00:55:00','20.8','5.8','5.0','40.1','256.3','385.7','20.9','13.7','25.5','23.2','25.7','735','193','81','85','3','-0.1','0.3','207'
'Thursday','July','14','2016','01:10:00','20.1','5.6','4.5','38.7','230.6','349.3','25.8','13.0','28.9','22.2','25.8','735','80','78','85','3','-0.1','0.3','271'
'Thursday','July','14','2016','01:35:00','18.4','5.8','4.5','34.8','229.1','343.9','25.7','13.9','27.2','22.9','25.8','735','80','78','85','3','-0.1','0.3','295'
'Thursday','July','14','2016','01:35:00','18.4','5.8','4.5','34.8','229.1','343.9','25.7','13.9','27.2','22.9','25.8','735','80','78','85','3','-0.1','0.3','295'
'Thursday','July','14','2016','02:05:00','16.0','5.7','4.4','29.6','224.6','333.1','26.8','13.4','27.2','22.7','25.9','735','146','79','85','3','-0.1','0.3','334'
'Thursday','July','14','2016','02:05:00','16.0','5.7','4.4','29.6','224.6','333.1','26.8','13.4','27.2','22.7','25.9','735','146','79','85','3','-0.1','0.3','334'
'Thursday','July','14','2016','02:35:00','13.3','5.5','4.1','29.1','218.8','324.7','31.9','12.8','26.0','22.1','25.8','735','146','79','85','4','-0.1','0.3','162'
'Thursday','July','14','2016','02:35:00','13.3','5.5','4.1','29.1','218.8','324.7','31.9','12.8','26.0','22.1','25.8','735','146','79','85','4','-0.1','0.3','162'
'Thursday','July','14','2016','03:05:00','13.1','5.6','2.5','36.0','92.0','157.7','23.4','12.8','22.0','22.5','25.9','735','123','47','85','3','0.0','0.3','100'
'Thursday','July','14','2016','03:05:00','13.1','5.6','2.5','36.0','92.0','157.7','23.4','12.8','22.0','22.5','25.9','735','123','47','85','3','0.0','0.3','100'
'Thursday','July','14','2016','03:35:00','9.9','3.6','2.2','34.0','83.6','144.4','22.8','8.6','13.7','16.1','25.9','735','123','47','85','3','-0.1','0.3','340'
'Thursday','July','14','2016','03:35:00','9.9','3.6','2.2','34.0','83.6','144.4','22.8','8.6','13.7','16.1','25.9','735','123','47','85','3','-0.1','0.3','340'
'Thursday','July','14','2016','04:05:00','13.5','3.1','2.3','44.4','90.1','162.6','26.4','7.7','11.4','15.1','25.9','735','78','40','85','3','-0.1','0.3','221'
'Thursday','July','14','2016','04:05:00','13.5','3.1','2.3','44.4','90.1','162.6','26.4','7.7','11.4','15.1','25.9','735','78','40','85','3','-0.1','0.3','221'
'Thursday','July','14','2016','04:35:00','36.3','3.2','2.3','26.9','107.1','170.2','27.2','7.3','2.6','15.4','25.9','734','78','40','85','3','-0.1','0.3','323'
'Thursday','July','14','2016','04:35:00','36.3','3.2','2.3','26.9','107.1','170.2','27.2','7.3','2.6','15.4','25.9','734','78','40','85','3','-0.1','0.3','323'
'Thursday','July','14','2016','05:05:00','41.2','3.3','1.4','36.2','70.4','128.4','27.1','6.6','NA','15.5','25.9','733','86','32','85','3','-0.1','0.3','175'
'Thursday','July','14','2016','05:05:00','41.2','3.3','1.4','36.2','70.4','128.4','27.1','6.6','NA','15.5','25.9','733','86','32','85','3','-0.1','0.3','175'
'Thursday','July','14','2016','05:35:00','43.4','2.5','1.5','30.3','56.0','103.4','26.2','5.1','NA','13.7','26.2','733','86','32','85','3','-0.1','0.3','224'
'Thursday','July','14','2016','05:35:00','43.4','2.5','1.5','30.3','56.0','103.4','26.2','5.1','NA','13.7','26.2','733','86','32','85','3','-0.1','0.3','224'
'Thursday','July','14','2016','06:05:00','48.0','2.3','1.3','42.6','27.5','75.5','22.9','4.6','NA','13.5','26.2','733','178','45','85','13','0.0','0.4','132'
'Thursday','July','14','2016','06:05:00','48.0','2.3','1.3','42.6','27.5','75.5','22.9','4.6','NA','13.5','26.2','733','178','45','85','13','0.0','0.4','132'
'Thursday','July','14','2016','06:35:00','44.2','2.7','1.1','37.4','24.4','66.7','22.4','4.6','8.6','13.7','26.5','733','178','45','84','53','0.1','1.7','130'
'Thursday','July','14','2016','06:35:00','44.2','2.7','1.1','37.4','24.4','66.7','22.4','4.6','8.6','13.7','26.5','733','178','45','84','53','0.1','1.7','130'
'Thursday','July','14','2016','07:05:00','38.6','1.7','1.2','29.8','19.0','52.4','23.8','3.3','5.7','10.6','27.0','733','288','92','83','118','-0.1','0.7','152'
'Thursday','July','14','2016','07:05:00','38.6','1.7','1.2','29.8','19.0','52.4','23.8','3.3','5.7','10.6','27.0','733','288','92','83','118','-0.1','0.7','152'
'Thursday','July','14','2016','07:35:00','34.8','1.4','1.0','31.2','9.5','40.8','25.3','2.7','4.3','7.1','27.6','733','288','92','82','89','0.0','0.4','121'
'Thursday','July','14','2016','07:35:00','34.8','1.4','1.0','31.2','9.5','40.8','25.3','2.7','4.3','7.1','27.6','733','288','92','82','89','0.0','0.4','121'
'Thursday','July','14','2016','07:55:00','31.2','1.2','1.0','30.2','10.7','41.5','19.8','2.0','3.7','5.2','27.4','733','288','92','81','57','0.1','1.2','167'
'Thursday','July','14','2016','08:05:00','27.6','1.2','0.9','26.0','5.8','31.0','25.0','2.0','3.4','5.1','27.4','733','NA','96','80','136','-0.1','0.7','134'
'Thursday','July','14','2016','08:35:00','28.7','0.9','1.0','25.2','4.8','29.0','5.7','2.0','6.9','4.2','28.7','734','NA','96','75','177','0.0','1.1','137'
'Thursday','July','14','2016','08:35:00','28.7','0.9','1.0','25.2','4.8','29.0','5.7','2.0','6.9','4.2','28.7','734','NA','96','75','177','0.0','1.1','137'
'Thursday','July','14','2016','08:55:00','14.1','1.0','1.1','60.9','4.6','60.5','16.6','2.1','8.6','4.8','28.4','735','NA','NA','74','132','0.0','0.3','150'
'Thursday','July','14','2016','09:10:00','8.4','0.8','1.1','74.9','4.9','73.4','NA','2.2','11.4','4.4','28.4','735','NA','NA','74','132','0.0','0.3','150'
'Thursday','July','14','2016','09:35:00','13.5','0.7','1.1','55.3','5.5','56.7','NA','1.9','10.0','4.1','28.8','734','NA','NA','71','134','0.2','1.4','201'
'Thursday','July','14','2016','09:35:00','13.5','0.7','1.1','55.3','5.5','56.7','NA','1.9','10.0','4.1','28.8','734','NA','NA','71','134','0.2','1.4','201'
'Thursday','July','14','2016','10:05:00','NA','0.7','NA','NA','NA','NA','23.9','1.7','NA','3.2','27.7','735','80','55','75','88','0.0','1.0','120'
'Thursday','July','14','2016','10:05:00','NA','0.7','NA','NA','NA','NA','23.9','1.7','NA','3.2','27.7','735','80','55','75','88','0.0','1.0','120'
'Thursday','July','14','2016','10:25:00','NA','1.1','NA','NA','NA','NA','19.3','2.1','NA','5.2','27.5','735','80','55','77','208','0.0','0.7','304'
'Thursday','July','14','2016','10:40:00','31.8','1.6','NA','NA','NA','NA','20.3','3.4','NA','7.0','28.2','735','80','55','78','270','-0.1','0.4','300'
'Thursday','July','14','2016','11:05:00','41.1','1.3','1.1','46.4','10.3','55.4','20.1','2.7','9.4','5.6','29.2','735','61','36','75','280','0.1','0.6','221'
'Thursday','July','14','2016','11:05:00','41.1','1.3','1.1','46.4','10.3','55.4','20.1','2.7','9.4','5.6','29.2','735','61','36','75','280','0.1','0.6','221'
'Thursday','July','14','2016','11:35:00','37.1','1.0','1.1','47.7','6.8','51.8','20.9','1.9','8.3','4.4','31.1','735','61','36','69','328','-0.1','0.4','305'
'Thursday','July','14','2016','11:35:00','37.1','1.0','1.1','47.7','6.8','51.8','20.9','1.9','8.3','4.4','31.1','735','61','36','69','328','-0.1','0.4','305'
'Thursday','July','14','2016','11:55:00','37.1','1.1','0.9','45.7','5.1','47.7','21.4','2.2','6.3','5.0','33.8','735','61','36','58','412','0.0','0.8','118'
'Thursday','July','14','2016','12:05:00','39.4','1.1','0.8','45.2','4.7','46.6','21.5','2.1','5.7','4.8','35.4','735','55','26','53','406','-0.1','0.5','122'
'Thursday','July','14','2016','12:25:00','77.0','0.7','0.9','35.2','3.7','36.4','20.3','1.4','6.3','3.1','34.5','735','55','26','52','401','0.0','1.3','167'
'Thursday','July','14','2016','12:35:00','77.8','0.6','1.0','34.3','3.4','35.3','24.2','1.3','4.0','2.9','35.4','735','55','26','51','401','-0.1','1.1','172'
'Thursday','July','14','2016','13:05:00','72.9','0.8','0.8','28.1','2.4','28.3','29.4','0.9','2.6','3.0','35.9','734','34','0','47','392','0.1','0.8','149'
'Thursday','July','14','2016','13:05:00','72.9','0.8','0.8','28.1','2.4','28.3','29.4','0.9','2.6','3.0','35.9','734','34','0','47','392','0.1','0.8','149'
'Thursday','July','14','2016','13:25:00','69.8','0.8','0.9','30.9','2.0','30.3','40.4','0.8','0.9','2.7','36.9','734','34','0','46','371','0.0','0.9','127'
'Thursday','July','14','2016','13:35:00','69.2','0.8','1.0','58.9','2.8','56.3','43.5','0.7','0.6','2.6','35.7','734','34','0','50','304','-0.1','1.2','159'
'Thursday','July','14','2016','14:05:00','52.4','1.2','0.9','38.2','2.1','36.9','49.6','0.8','NA','3.4','35.4','734','44','20','48','332','-0.2','0.9','157'
'Thursday','July','14','2016','14:05:00','52.4','1.2','0.9','38.2','2.1','36.9','49.6','0.8','NA','3.4','35.4','734','44','20','48','332','-0.2','0.9','157'
'Thursday','July','14','2016','14:25:00','38.6','0.8','0.8','56.0','3.0','54.0','55.9','0.9','NA','3.1','34.1','734','44','20','48','251','-0.1','0.9','179'
'Thursday','July','14','2016','14:35:00','38.0','0.9','0.6','40.1','3.3','40.2','54.9','0.9','NA','3.2','33.8','734','44','20','50','207','-0.1','0.7','241'
'Thursday','July','14','2016','14:55:00','33.9','0.8','0.6','34.3','2.2','33.5','66.2','0.7','10.3','3.2','33.6','734','44','20','51','295','0.0','0.7','232'
'Thursday','July','14','2016','15:10:00','31.6','0.6','0.7','36.0','2.2','35.1','67.1','0.6','10.6','2.7','34.5','734','80','28','50','345','-0.1','0.7','119'
'Thursday','July','14','2016','15:35:00','27.5','0.7','0.9','46.6','2.1','44.5','68.7','0.6','11.7','2.6','34.0','734','80','28','51','164','-0.2','0.7','222'
'Thursday','July','14','2016','15:35:00','27.5','0.7','0.9','46.6','2.1','44.5','68.7','0.6','11.7','2.6','34.0','734','80','28','51','164','-0.2','0.7','222'
'Thursday','July','14','2016','16:05:00','24.7','1.4','0.7','49.3','2.2','47.0','78.6','1.0','10.0','4.2','30.6','734','139','42','64','164','-0.3','1.7','260'
'Thursday','July','14','2016','16:05:00','24.7','1.4','0.7','49.3','2.2','47.0','78.6','1.0','10.0','4.2','30.6','734','139','42','64','164','-0.3','1.7','260'
'Thursday','July','14','2016','16:25:00','27.0','0.9','1.1','52.2','2.9','50.4','17.2','1.3','12.6','4.2','30.3','734','139','42','66','31','0.0','1.1','121'
'Thursday','July','14','2016','16:40:00','25.4','1.2','1.2','53.7','2.7','51.4','26.1','1.8','14.9','5.1','29.3','734','139','42','69','26','-0.1','1.4','172'
'Thursday','July','14','2016','17:05:00','20.7','1.6','1.1','55.0','2.3','52.1','23.5','2.0','18.3','7.9','26.8','734','75','62','75','8','-0.2','1.5','227'
'Thursday','July','14','2016','17:05:00','20.7','1.6','1.1','55.0','2.3','52.1','23.5','2.0','18.3','7.9','26.8','734','75','62','75','8','-0.2','1.5','227'
'Thursday','July','14','2016','17:35:00','16.1','1.8','0.9','43.9','2.5','42.5','21.3','1.8','18.6','10.9','25.8','735','75','62','79','13','-0.5','1.4','117'
'Thursday','July','14','2016','17:35:00','16.1','1.8','0.9','43.9','2.5','42.5','21.3','1.8','18.6','10.9','25.8','735','75','62','79','13','-0.5','1.4','117'
'Thursday','July','14','2016','18:05:00','12.5','1.1','1.4','64.2','16.7','79.9','20.7','1.6','20.0','7.5','25.6','735','51','35','83','8','-0.1','1.2','152'
'Thursday','July','14','2016','18:05:00','12.5','1.1','1.4','64.2','16.7','79.9','20.7','1.6','20.0','7.5','25.6','735','51','35','83','8','-0.1','1.2','152'
'Thursday','July','14','2016','18:35:00','11.3','1.8','1.6','80.7','13.1','89.8','18.2','3.3','11.2','9.0','25.6','735','51','35','84','4','-0.1','0.5','115'
'Thursday','July','14','2016','18:35:00','11.3','1.8','1.6','80.7','13.1','89.8','18.2','3.3','11.2','9.0','25.6','735','51','35','84','4','-0.1','0.5','115'
'Thursday','July','14','2016','19:00:00','6.9','2.6','1.2','69.4','3.1','66.0','20.1','4.6','11.4','11.4','24.5','735','48','34','85','2','-0.1','2.4','213'
'Thursday','July','14','2016','19:00:00','6.9','2.6','1.2','69.4','3.1','66.0','20.1','4.6','11.4','11.4','24.5','735','48','34','85','2','-0.1','2.4','213'
'Thursday','July','14','2016','19:35:00','NA','3.2','0.6','65.1','1.8','60.5','18.5','3.6','10.9','15.3','22.9','735','48','34','86','2','-0.2','1.5','285'
'Thursday','July','14','2016','19:35:00','NA','3.2','0.6','65.1','1.8','60.5','18.5','3.6','10.9','15.3','22.9','735','48','34','86','2','-0.2','1.5','285'
'Thursday','July','14','2016','20:05:00','93.3','0.9','0.8','76.1','8.1','78.8','21.1','1.8','10.6','6.0','23.2','735','13','18','86','2','0.0','0.5','138'
'Thursday','July','14','2016','20:05:00','93.3','0.9','0.8','76.1','8.1','78.8','21.1','1.8','10.6','6.0','23.2','735','13','18','86','2','0.0','0.5','138'
'Thursday','July','14','2016','20:30:00','143.3','1.1','1.2','65.6','15.8','80.0','24.6','2.1','6.6','5.9','23.6','734','13','18','86','2','-0.1','0.3','280'
'Thursday','July','14','2016','20:30:00','143.3','1.1','1.2','65.6','15.8','80.0','24.6','2.1','6.6','5.9','23.6','734','13','18','86','2','-0.1','0.3','280'
'Thursday','July','14','2016','21:05:00','72.8','2.0','1.6','65.1','54.6','132.5','22.1','2.9','5.1','6.9','24.0','734','5','NA','86','2','0.0','0.4','254'
'Thursday','July','14','2016','21:05:00','72.8','2.0','1.6','65.1','54.6','132.5','22.1','2.9','5.1','6.9','24.0','734','5','NA','86','2','0.0','0.4','254'
'Thursday','July','14','2016','21:35:00','40.6','2.2','2.1','67.9','74.7','162.6','22.4','4.3','8.9','8.7','24.3','734','5','NA','86','3','-0.1','0.3','308'
'Thursday','July','14','2016','21:35:00','40.6','2.2','2.1','67.9','74.7','162.6','22.4','4.3','8.9','8.7','24.3','734','5','NA','86','3','-0.1','0.3','308'
'Thursday','July','14','2016','22:05:00','25.7','2.8','2.5','64.6','116.8','217.0','23.3','5.2','12.0','10.4','24.7','734','25','3','86','3','-0.1','0.3','226'
'Thursday','July','14','2016','22:05:00','25.7','2.8','2.5','64.6','116.8','217.0','23.3','5.2','12.0','10.4','24.7','734','25','3','86','3','-0.1','0.3','226'
'Thursday','July','14','2016','22:35:00','24.1','3.3','2.5','74.0','133.3','247.9','21.0','6.4','12.9','12.3','24.8','734','25','3','86','2','0.0','0.3','176'
'Thursday','July','14','2016','22:35:00','24.1','3.3','2.5','74.0','133.3','247.9','21.0','6.4','12.9','12.3','24.8','734','25','3','86','2','0.0','0.3','176'
'Thursday','July','14','2016','23:05:00','23.1','3.6','2.1','80.3','113.7','226.8','22.6','6.8','13.2','12.9','24.9','734','103','33','86','2','0.0','0.3','88'
'Thursday','July','14','2016','23:05:00','23.1','3.6','2.1','80.3','113.7','226.8','22.6','6.8','13.2','12.9','24.9','734','103','33','86','2','0.0','0.3','88'
'Thursday','July','14','2016','23:35:00','19.5','3.3','1.2','71.6','25.5','98.6','21.7','6.1','12.6','12.2','25.0','734','103','33','86','3','-0.1','0.3','79'
'Thursday','July','14','2016','23:35:00','19.5','3.3','1.2','71.6','25.5','98.6','21.7','6.1','12.6','12.2','25.0','734','103','33','86','3','-0.1','0.3','79'
'Friday','July','15','2016','00:05:00','20.2','2.3','1.0','60.6','10.7','68.5','21.3','4.1','11.4','9.4','24.9','734','94','44','86','3','-0.1','0.3','24'
'Friday','July','15','2016','00:05:00','20.2','2.3','1.0','60.6','10.7','68.5','21.3','4.1','11.4','9.4','24.9','734','94','44','86','3','-0.1','0.3','24'
'Friday','July','15','2016','00:35:00','24.2','1.8','1.2','48.3','11.4','58.6','7.7','3.3','10.0','8.3','24.9','735','94','44','86','3','0.0','0.3','148'
'Friday','July','15','2016','00:35:00','24.2','1.8','1.2','48.3','11.4','58.6','7.7','3.3','10.0','8.3','24.9','735','94','44','86','3','0.0','0.3','148'
'Friday','July','15','2016','01:05:00','21.7','1.7','1.1','46.1','8.2','52.3','20.1','3.7','11.7','9.2','24.8','735','58','46','86','3','-0.1','0.3','203'
'Friday','July','15','2016','01:05:00','21.7','1.7','1.1','46.1','8.2','52.3','20.1','3.7','11.7','9.2','24.8','735','58','46','86','3','-0.1','0.3','203'
'Friday','July','15','2016','01:30:00','18.1','1.3','1.1','35.6','5.0','38.5','19.5','3.2','10.6','7.7','24.7','735','58','46','87','2','-0.1','0.3','113'
'Friday','July','15','2016','01:35:00','17.8','1.1','1.1','35.7','6.3','40.4','21.3','2.9','11.2','7.0','24.7','735','58','46','86','3','-0.1','0.3','137'
'Friday','July','15','2016','01:55:00','16.2','0.9','1.0','33.0','2.6','32.9','20.3','2.2','9.4','5.4','24.6','735','70','46','87','3','-0.1','0.3','305'
'Friday','July','15','2016','02:10:00','14.3','0.7','1.0','22.1','2.1','22.5','15.1','1.8','7.7','4.6','24.6','735','70','46','87','3','-0.1','0.3','305'
'Friday','July','15','2016','02:35:00','13.2','0.8','0.9','21.0','1.3','20.6','19.5','1.8','9.4','3.9','24.6','735','70','46','87','3','-0.1','0.3','187'
'Friday','July','15','2016','02:35:00','13.2','0.8','0.9','21.0','1.3','20.6','19.5','1.8','9.4','3.9','24.6','735','70','46','87','3','-0.1','0.3','187'
'Friday','July','15','2016','03:05:00','11.3','0.6','0.7','24.7','2.4','25.2','20.3','1.2','6.0','3.5','24.6','735','17','20','87','3','-0.1','0.3','133'
'Friday','July','15','2016','03:05:00','11.3','0.6','0.7','24.7','2.4','25.2','20.3','1.2','6.0','3.5','24.6','735','17','20','87','3','-0.1','0.3','133'
'Friday','July','15','2016','03:25:00','8.2','0.6','0.7','34.6','5.2','38.0','21.3','1.2','6.9','3.3','24.6','735','17','20','87','3','-0.1','0.3','136'
'Friday','July','15','2016','03:40:00','7.5','0.6','0.6','37.2','6.5','42.1','20.1','1.3','7.4','3.4','24.7','735','17','20','87','3','0.0','0.3','192'
'Friday','July','15','2016','04:05:00','3.6','0.6','0.6','54.7','17.1','72.2','20.0','1.2','6.9','3.3','24.7','735','31','26','87','3','-0.1','0.3','283'
'Friday','July','15','2016','04:05:00','3.6','0.6','0.6','54.7','17.1','72.2','20.0','1.2','6.9','3.3','24.7','735','31','26','87','3','-0.1','0.3','283'
'Friday','July','15','2016','04:35:00','69.0','0.7','0.6','30.8','30.4','69.0','24.5','1.3','2.6','3.7','24.7','734','31','26','87','3','-0.1','0.3','97'
'Friday','July','15','2016','04:35:00','69.0','0.7','0.6','30.8','30.4','69.0','24.5','1.3','2.6','3.7','24.7','734','31','26','87','3','-0.1','0.3','97'
'Friday','July','15','2016','04:55:00','65.8','0.9','0.6','35.3','37.9','83.2','23.7','1.3','3.7','4.1','24.8','734','31','26','87','3','-0.1','0.3','301'
'Friday','July','15','2016','05:10:00','51.6','0.9','0.6','36.1','39.0','85.4','22.4','1.4','2.0','4.4','24.8','734','25','4','87','3','-0.1','0.3','311'
'Friday','July','15','2016','05:35:00','32.1','0.9','1.0','51.6','67.3','137.9','22.8','1.5','4.9','4.8','24.9','734','25','4','87','4','-0.1','0.3','243'
'Friday','July','15','2016','05:35:00','32.1','0.9','1.0','51.6','67.3','137.9','22.8','1.5','4.9','4.8','24.9','734','25','4','87','4','-0.1','0.3','243'
'Friday','July','15','2016','06:05:00','28.8','1.0','1.0','58.2','47.2','116.3','21.0','1.4','5.4','4.7','24.9','734','78','18','87','19','-0.1','0.3','87'
'Friday','July','15','2016','06:05:00','28.8','1.0','1.0','58.2','47.2','116.3','21.0','1.4','5.4','4.7','24.9','734','78','18','87','19','-0.1','0.3','87'
'Friday','July','15','2016','06:25:00','25.4','1.2','1.2','54.9','53.4','121.8','22.0','2.0','8.6','5.5','25.1','734','78','18','87','27','-0.1','0.3','183'
'Friday','July','15','2016','06:40:00','22.9','1.1','1.2','54.8','58.8','129.1','23.1','2.6','9.2','6.1','25.4','734','78','18','87','36','-0.1','0.3','251'
'Friday','July','15','2016','07:05:00','20.0','1.6','1.5','48.7','73.1','143.1','24.1','2.7','10.3','6.7','25.7','734','118','54','87','71','-0.1','0.3','181'
'Friday','July','15','2016','07:05:00','20.0','1.6','1.5','48.7','73.1','143.1','24.1','2.7','10.3','6.7','25.7','734','118','54','87','71','-0.1','0.3','181'
'Friday','July','15','2016','07:35:00','17.8','2.4','1.4','53.7','49.1','114.9','22.1','4.0','8.9','8.3','26.4','734','118','54','86','100','-0.1','0.3','266'
'Friday','July','15','2016','07:35:00','17.8','2.4','1.4','53.7','49.1','114.9','22.1','4.0','8.9','8.3','26.4','734','118','54','86','100','-0.1','0.3','266'
'Friday','July','15','2016','08:05:00','15.3','1.8','1.7','63.4','75.5','159.6','20.2','3.6','10.6','8.2','26.4','733','257','91','86','94','-0.1','0.3','267'
'Friday','July','15','2016','08:05:00','15.3','1.8','1.7','63.4','75.5','159.6','20.2','3.6','10.6','8.2','26.4','733','257','91','86','94','-0.1','0.3','267'
'Friday','July','15','2016','08:35:00','20.7','2.4','1.6','66.4','21.4','88.4','5.9','4.5','16.3','10.7','26.5','735','257','91','85','76','0.0','0.3','202'
'Friday','July','15','2016','08:35:00','20.7','2.4','1.6','66.4','21.4','88.4','5.9','4.5','16.3','10.7','26.5','735','257','91','85','76','0.0','0.3','202'
'Friday','July','15','2016','08:55:00','20.2','2.7','1.6','54.6','17.9','73.2','15.8','5.2','20.0','12.3','27.0','735','257','91','84','192','-0.1','0.4','250'
'Friday','July','15','2016','09:05:00','19.4','2.5','1.4','45.0','10.7','54.8','NA','4.8','19.2','11.5','27.4','735','NA','53','82','295','-0.2','1.3','312'
'Friday','July','15','2016','09:35:00','18.8','1.1','0.9','29.1','4.9','32.6','NA','3.1','16.0','7.4','28.6','735','NA','53','74','377','-0.2','1.2','236'
'Friday','July','15','2016','09:35:00','18.8','1.1','0.9','29.1','4.9','32.6','NA','3.1','16.0','7.4','28.6','735','NA','53','74','377','-0.2','1.2','236'
'Friday','July','15','2016','10:05:00','NA','0.6','NA','NA','NA','NA','16.3','1.6','NA','3.4','31.1','735','56','39','65','319','-0.2','1.1','141'
'Friday','July','15','2016','10:05:00','NA','0.6','NA','NA','NA','NA','16.3','1.6','NA','3.4','31.1','735','56','39','65','319','-0.2','1.1','141'
'Friday','July','15','2016','10:35:00','39.1','0.5','NA','NA','NA','NA','20.8','1.3','NA','3.0','28.5','735','56','39','73','220','-0.3','1.5','274'
